Fill 1: Scint. Batch,Fill 1: Tanker ID,Fill 1: Tech 1,Fill 1: Tech 2,Fill 1: Mach ID,Fill 1: Module Position,Fill 1: Module ID,Fill 1: Amount from 1st Tanker (gal),Fill 1: Start Time,Fill 1: End Time,Fill 1: Fill Time,Fill 1: Comments,Fill 1: 2nd Tanker Batch,Fill 1: 2nd Tanker,Fill 1: Amount from 2nd Tanker (gal),Comments,Fill 1: 3rd Tanker Batch,Fill 1: 3rd Tanker,Fill 1: Amount from 3rd Tanker (gal),Comments,Fill 1: Total(gal),Fill 2: Scint. Batch,Fill 2: Tanker ID,Fill 2: Tech 1,Fill 2: Tech 2,Fill 2: Mach ID,Fill 2: Module Position,Fill 2: Module ID,Fill 2: Amount from 1st Tanker (gal),Fill 2: Start Time,Fill 2: End Time,Fill 2: Fill Time,Dummy 2,Fill 2: Comments,Fill 2: 2nd Tanker Batch,Fill 2: 2nd Tanker,Fill 2: Amount from 2nd Tanker (gal),Fill 2: Total (gal),Fill 3: Scint. Batch,Fill 3: Tanker ID,Fill 3: Tech 1,Fill 3: Tech 2,Fill 3: Mach ID,Fill 3: Module Position,Fill 3: Module ID,Fill 3: Amout from 1st Tanker (gal),Fill 3: Start Time,Fill 3: End Time,Fill 3: Fill Time,Dummy 3,Fill 3: Comments,Fill 3: 2nd Tanker Batch,Fill 3: 2nd Tanker,Fill 3: Amount from 2nd Tanker (gal),Fill 3: Total(gal),Fill 4: Scint. Batch,Fill 4: Tanker ID,Fill 4: Tech 1,Fill 4: Tech 2,Fill 4: Mach ID,Fill 4: Module Position,Fill 4: Module ID,Fill 4: Amount from 1st Tanker (gal),Fill 4: Start Time,Fill 4: End Time,Fill 4: Fill Time,Dummy 4,Fill 4: Comments,Fill 4: 2nd Tanker Batch,Fill 4: 2nd Tanker,Fill 4: Amount from 2nd Tanker (gal),Fill 4: Total (gal),,No. Modules,Module ID,Module Position,Total Fill
,,,,,,,,,,,,,,,,,,,,,,,,,,,,,,,,,,,,,,,,,,,,,,,,,,,,,,,,,,,,,,,,,,,,,,,,,,,,
,,,,,,,,,,,,,,,,,,,,,,,,,,,,,,,,,,,,,,,,,,,,,,,,,,,,,,,,,,,,,,,,,,,,,,,,,,,,
,,,,,,,,,,,,,,,,,,,,,,,,,,,,,,,,,,,,,,,,,,,,,,,,,,,,,,,,,,,,,,,,,,,,,,,,,,,,
,,,,,,,,,,,,,,,,,,,,,,,,,,,,,,,,,,,,,,,,,,,,,,,,,,,,,,,,,,,,,,,,,,,,,,,,,,,,
T59-B10,WT-165:S052,larry,don,2,BLK:22 PLN:01 POS:00,MFV 01851,254.6,1/2/2014 10:07,1/2/2014 12:39,2:31:22,,,,,,,,,,254.6,,,,,,,,0.00,,,,,,,,0.00,0.00,,,,,,,,0.00,,,,,,,,0.00,0.00,,,,,,,,0.00,,,,,,,,0.00,0.00,,1,MFV 01851,BLK:22 PLN:01 POS:00,254.60
T59-B10,WT-165:S052,larry,don,3,BLK:22 PLN:01 POS:02,MFV 04549,253.8,1/2/2014 10:07,1/2/2014 12:44,2:36:43,,,,,,,,,,253.8,,,,,,,,0.00,,,,,,,,0.00,0.00,,,,,,,,0.00,,,,,,,,0.00,0.00,,,,,,,,0.00,,,,,,,,0.00,0.00,,2,MFV 04549,BLK:22 PLN:01 POS:02,253.80
T59-B10,WT-165:S052,larry,don,4,BLK:22 PLN:01 POS:04,MFV 01106,250.5,1/2/2014 10:08,1/2/2014 12:43,2:34:17,,,,,,,,,,250.5,,,,,,,,0.00,,,,,,,,0.00,0.00,,,,,,,,0.00,,,,,,,,0.00,0.00,,,,,,,,0.00,,,,,,,,0.00,0.00,,3,MFV 01106,BLK:22 PLN:01 POS:04,250.50
T59-B10,WT-165:S052,larry,don,6,BLK:22 PLN:01 POS:06,MFV 03517,251.3,1/2/2014 10:09,1/2/2014 12:46,2:37:04,,,,,,,,,,251.3,,,,,,,,0.00,,,,,,,,0.00,0.00,,,,,,,,0.00,,,,,,,,0.00,0.00,,,,,,,,0.00,,,,,,,,0.00,0.00,,4,MFV 03517,BLK:22 PLN:01 POS:06,251.30
T59-B10,WT-165:S052,larry,don,7,BLK:22 PLN:01 POS:08,MFV 03055,251.7,1/2/2014 10:09,1/2/2014 12:36,2:26:38,,,,,,,,,,251.7,,,,,,,,0.00,,,,,,,,0.00,0.00,,,,,,,,0.00,,,,,,,,0.00,0.00,,,,,,,,0.00,,,,,,,,0.00,0.00,,5,MFV 03055,BLK:22 PLN:01 POS:08,251.70
T59-B10,WT-165:S052,larry,don,8,BLK:22 PLN:01 POS:10,MFV 03056,249.1,1/2/2014 10:10,1/2/2014 12:57,2:46:52,,,,,,,,,,249.1,,,,,,,,0.00,,,,,,,,0.00,0.00,,,,,,,,0.00,,,,,,,,0.00,0.00,,,,,,,,0.00,,,,,,,,0.00,0.00,,6,MFV 03056,BLK:22 PLN:01 POS:10,249.10
T59-B10,WT-165:S052,larry,don,2,BLK:22 PLN:01 POS:01,MFV 01796,250.8,1/2/2014 12:39,1/2/2014 14:59,2:19:31,,,,,,,,,,250.8,,,,,,,,0.00,,,,,,,,0.00,0.00,,,,,,,,0.00,,,,,,,,0.00,0.00,,,,,,,,0.00,,,,,,,,0.00,0.00,,7,MFV 01796,BLK:22 PLN:01 POS:01,250.80
T59-B10,WT-165:S052,larry,don,3,BLK:22 PLN:01 POS:03,MFV 09957,246,1/2/2014 12:45,1/2/2014 15:05,2:19:25,,,,,,,,,,246,,,,,,,,0.00,,,,,,,,0.00,0.00,,,,,,,,0.00,,,,,,,,0.00,0.00,,,,,,,,0.00,,,,,,,,0.00,0.00,,8,MFV 09957,BLK:22 PLN:01 POS:03,246.00
T59-B10,WT-165:S052,larry,don,4,BLK:22 PLN:01 POS:05,MFV 03742,248.6,1/2/2014 12:43,1/2/2014 15:03,2:19:48,,,,,,,,,,248.6,,,,,,,,0.00,,,,,,,,0.00,0.00,,,,,,,,0.00,,,,,,,,0.00,0.00,,,,,,,,0.00,,,,,,,,0.00,0.00,,9,MFV 03742,BLK:22 PLN:01 POS:05,248.60
T59-B10,WT-165:S052,larry,don,6,BLK:22 PLN:01 POS:07,MFV 03756,252.4,1/2/2014 12:48,1/2/2014 15:12,2:24:34,,,,,,,,,,252.4,,,,,,,,0.00,,,,,,,,0.00,0.00,,,,,,,,0.00,,,,,,,,0.00,0.00,,,,,,,,0.00,,,,,,,,0.00,0.00,,10,MFV 03756,BLK:22 PLN:01 POS:07,252.40
T59-B10,WT-165:S052,larry,don,7,BLK:22 PLN:01 POS:09,MFV 03634,250.3,1/2/2014 12:37,1/2/2014 14:53,2:15:57,,,,,,,,,,250.3,,,,,,,,0.00,,,,,,,,0.00,0.00,,,,,,,,0.00,,,,,,,,0.00,0.00,,,,,,,,0.00,,,,,,,,0.00,0.00,,11,MFV 03634,BLK:22 PLN:01 POS:09,250.30
T59-B10,WT-165:S052,larry,don,8,BLK:22 PLN:01 POS:11,MFV 09967,247.3,1/2/2014 12:57,1/2/2014 15:14,2:16:57,,,,,,,,,,247.3,,,,,,,,0.00,,,,,,,,0.00,0.00,,,,,,,,0.00,,,,,,,,0.00,0.00,,,,,,,,0.00,,,,,,,,0.00,0.00,,12,MFV 09967,BLK:22 PLN:01 POS:11,247.30
T59-B10,WT-165:S052,larry,don,2,BLK:22 PLN:03 POS:00,MFV 00081,32.9,1/2/2014 15:00,1/3/2014 13:49,23:17:14,swap,T59-B10,WT-164:S051,219.9,"6hr. Delay, air was shut off to safety bypass relief",,,,,252.8,,,,,,,,0.00,,,,,,,,0.00,0.00,,,,,,,,0.00,,,,,,,,0.00,0.00,,,,,,,,0.00,,,,,,,,0.00,0.00,,13,MFV 00081,BLK:22 PLN:03 POS:00,252.80
T59-B10,WT-165:S052,larry,don,3,BLK:22 PLN:03 POS:02,MFV 03406,21.9,1/2/2014 15:05,1/3/2014 14:15,23:09:39,swap,T59-B10,WT-164:S051,228.9,"6hr. Delay, air was shut off to safety bypass relief",,,,,250.8,,,,,,,,0.00,,,,,,,,0.00,0.00,,,,,,,,0.00,,,,,,,,0.00,0.00,,,,,,,,0.00,,,,,,,,0.00,0.00,,14,MFV 03406,BLK:22 PLN:03 POS:02,250.80
T59-B10,WT-165:S052,larry,don,4,BLK:22 PLN:03 POS:04,MFV 03397,26.2,1/2/2014 15:04,1/3/2014 13:51,23:14:55,swap,T59-B10,WT-164:S051,223.6,"6hr. Delay, air was shut off to safety bypass relief",,,,,249.8,,,,,,,,0.00,,,,,,,,0.00,0.00,,,,,,,,0.00,,,,,,,,0.00,0.00,,,,,,,,0.00,,,,,,,,0.00,0.00,,15,MFV 03397,BLK:22 PLN:03 POS:04,249.80
T59-B10,WT-165:S052,larry,don,6,BLK:22 PLN:03 POS:06,MFV 01098,24.7,1/2/2014 15:13,1/3/2014 13:51,23:06:17,swap,T59-B10,WT-164:S051,226,"6hr. Delay, air was shut off to safety bypass relief",,,,,250.7,,,,,,,,0.00,,,,,,,,0.00,0.00,,,,,,,,0.00,,,,,,,,0.00,0.00,,,,,,,,0.00,,,,,,,,0.00,0.00,,16,MFV 01098,BLK:22 PLN:03 POS:06,250.70
T59-B10,WT-165:S052,larry,don,7,BLK:22 PLN:03 POS:08,MFV 03141,46.4,1/2/2014 14:53,1/3/2014 13:52,23:26:29,swap,T59-B10,WT-164:S051,202,"6hr. Delay, air was shut off to safety bypass relief",,,,,248.4,,,,,,,,0.00,,,,,,,,0.00,0.00,,,,,,,,0.00,,,,,,,,0.00,0.00,,,,,,,,0.00,,,,,,,,0.00,0.00,,17,MFV 03141,BLK:22 PLN:03 POS:08,248.40
T59-B10,WT-165:S052,larry,don,8,BLK:22 PLN:03 POS:10,MFV 03388,20.8,1/2/2014 15:15,1/3/2014 14:15,23:00:11,swap,T59-B10,WT-164:S051,229.8,"6hr. Delay, air was shut off to safety bypass relief",,,,,250.6,,,,,,,,0.00,,,,,,,,0.00,0.00,,,,,,,,0.00,,,,,,,,0.00,0.00,,,,,,,,0.00,,,,,,,,0.00,0.00,,18,MFV 03388,BLK:22 PLN:03 POS:10,250.60
T59-B10,WT-164:S051,larry,don,2,BLK:22 PLN:03 POS:01,MFV 01721,252.7,1/3/2014 13:50,1/3/2014 16:05,2:15:38,,,,,,,,,,252.7,,,,,,,,0.00,,,,,,,,0.00,0.00,,,,,,,,0.00,,,,,,,,0.00,0.00,,,,,,,,0.00,,,,,,,,0.00,0.00,,19,MFV 01721,BLK:22 PLN:03 POS:01,252.70
T59-B10,WT-164:S051,larry,don,3,BLK:22 PLN:03 POS:03,MFV 02272,251.9,1/3/2014 14:14,1/3/2014 16:34,2:19:34,,,,,,,,,,251.9,,,,,,,,0.00,,,,,,,,0.00,0.00,,,,,,,,0.00,,,,,,,,0.00,0.00,,,,,,,,0.00,,,,,,,,0.00,0.00,,20,MFV 02272,BLK:22 PLN:03 POS:03,251.90
T59-B10,WT-164:S051,larry,don,4,BLK:22 PLN:03 POS:05,MFV 01091,251.8,1/3/2014 13:51,1/3/2014 16:07,2:16:00,,,,,,,,,,251.8,,,,,,,,0.00,,,,,,,,0.00,0.00,,,,,,,,0.00,,,,,,,,0.00,0.00,,,,,,,,0.00,,,,,,,,0.00,0.00,,21,MFV 01091,BLK:22 PLN:03 POS:05,251.80
T59-B10,WT-164:S051,larry,don,6,BLK:22 PLN:03 POS:07,MFV 01093,251.4,1/3/2014 13:52,1/3/2014 16:10,2:17:49,,,,,,,,,,251.4,,,,,,,,0.00,,,,,,,,0.00,0.00,,,,,,,,0.00,,,,,,,,0.00,0.00,,,,,,,,0.00,,,,,,,,0.00,0.00,,22,MFV 01093,BLK:22 PLN:03 POS:07,251.40
T59-B10,WT-164:S051,larry,don,7,BLK:22 PLN:03 POS:09,MFV 03344,250.3,1/3/2014 13:54,1/3/2014 16:04,2:10:17,,,,,,,,,,250.3,,,,,,,,0.00,,,,,,,,0.00,0.00,,,,,,,,0.00,,,,,,,,0.00,0.00,,,,,,,,0.00,,,,,,,,0.00,0.00,,23,MFV 03344,BLK:22 PLN:03 POS:09,250.30
T59-B10,WT-164:S051,larry,don,8,BLK:22 PLN:03 POS:11,MFV 09918,251.4,1/3/2014 14:14,1/3/2014 16:32,2:17:43,,,,,,,,,,251.4,,,,,,,,0.00,,,,,,,,0.00,0.00,,,,,,,,0.00,,,,,,,,0.00,0.00,,,,,,,,0.00,,,,,,,,0.00,0.00,,24,MFV 09918,BLK:22 PLN:03 POS:11,251.40
T59-B10,WT-164:S051,larry,don,2,BLK:22 PLN:05 POS:00,MFV 09930,82.7,1/3/2014 16:06,1/6/2014 20:01,75:54:44,swap,T59-B10,WT-168:S027,29.3,started to fill at 6:45,T59-B10,WT-169:S051,137.3,,249.3,,,,,,,,0.00,,,,,,,,0.00,0.00,,,,,,,,0.00,,,,,,,,0.00,0.00,,,,,,,,0.00,,,,,,,,0.00,0.00,,25,MFV 09930,BLK:22 PLN:05 POS:00,249.30
T59-B10,WT-164:S051,larry,don,3,BLK:22 PLN:05 POS:02,MFV 09901,29.1,1/3/2014 16:34,1/6/2014 20:29,75:54:40,swap,T59-B10,WT-168:S027,30.2,,T59-B10,WT-169:S051,190.7,,250,,,,,,,,0.00,,,,,,,,0.00,0.00,,,,,,,,0.00,,,,,,,,0.00,0.00,,,,,,,,0.00,,,,,,,,0.00,0.00,,26,MFV 09901,BLK:22 PLN:05 POS:02,250.00
T59-B10,WT-164:S051,larry,don,4,BLK:22 PLN:05 POS:04,MFV 09893,76.4,1/3/2014 16:08,1/6/2014 20:06,75:58:51,swap,T59-B10,WT-168:S027,28.5,,T59-B10,WT-169:S051,145.6,,250.5,,,,,,,,0.00,,,,,,,,0.00,0.00,,,,,,,,0.00,,,,,,,,0.00,0.00,,,,,,,,0.00,,,,,,,,0.00,0.00,,27,MFV 09893,BLK:22 PLN:05 POS:04,250.50
T59-B10,WT-164:S051,larry,don,6,BLK:22 PLN:05 POS:06,MFV 00547,71,1/3/2014 16:10,1/6/2014 20:11,76:00:37,swap,T59-B10,WT-168:S027,25.9,,T59-B10,WT-169:S051,153.6,,250.5,,,,,,,,0.00,,,,,,,,0.00,0.00,,,,,,,,0.00,,,,,,,,0.00,0.00,,,,,,,,0.00,,,,,,,,0.00,0.00,,28,MFV 00547,BLK:22 PLN:05 POS:06,250.50
T59-B10,WT-164:S051,larry,don,7,BLK:22 PLN:05 POS:08,MFV 00530,86.5,1/3/2014 16:05,1/6/2014 19:57,75:52:54,swap,T59-B10,WT-168:S027,28.4,,T59-B10,WT-169:S051,136.9,,251.8,,,,,,,,0.00,,,,,,,,0.00,0.00,,,,,,,,0.00,,,,,,,,0.00,0.00,,,,,,,,0.00,,,,,,,,0.00,0.00,,29,MFV 00530,BLK:22 PLN:05 POS:08,251.80
T59-B10,WT-164:S051,larry,don,8,BLK:22 PLN:05 POS:10,MFV 09896,32.4,1/3/2014 16:32,1/6/2014 20:27,75:55:06,swap,T59-B10,WT-168:S027,31.1,,T59-B10,WT-169:S051,187,,250.5,,,,,,,,0.00,,,,,,,,0.00,0.00,,,,,,,,0.00,,,,,,,,0.00,0.00,,,,,,,,0.00,,,,,,,,0.00,0.00,,30,MFV 09896,BLK:22 PLN:05 POS:10,250.50
T59-B01,WT-169:S051,galvin,jim,2,BLK:22 PLN:05 POS:01,MFV 09907,248.7,1/6/2014 20:01,1/6/2014 22:16,2:14:36,,,,,,,,,,248.7,,,,,,,,0.00,,,,,,,,0.00,0.00,,,,,,,,0.00,,,,,,,,0.00,0.00,,,,,,,,0.00,,,,,,,,0.00,0.00,,31,MFV 09907,BLK:22 PLN:05 POS:01,248.70
T59-B01,WT-169:S051,galvin,jim,3,BLK:22 PLN:05 POS:03,MFV 09775,248.5,1/6/2014 20:29,1/6/2014 22:45,2:16:19,,,,,,,,,,248.5,,,,,,,,0.00,,,,,,,,0.00,0.00,,,,,,,,0.00,,,,,,,,0.00,0.00,,,,,,,,0.00,,,,,,,,0.00,0.00,,32,MFV 09775,BLK:22 PLN:05 POS:03,248.50
T59-B01,WT-169:S051,galvin,jim,4,BLK:22 PLN:05 POS:05,MFV 00772,252.1,1/6/2014 20:07,1/6/2014 23:12,3:05:29,,,,,,,,,,252.1,,,,,,,,0.00,,,,,,,,0.00,0.00,,,,,,,,0.00,,,,,,,,0.00,0.00,,,,,,,,0.00,,,,,,,,0.00,0.00,,33,MFV 00772,BLK:22 PLN:05 POS:05,252.10
T59-B01,WT-169:S051,galvin,jim,6,BLK:22 PLN:05 POS:07,MFV 00543,252.2,1/6/2014 20:11,1/6/2014 22:30,2:18:44,,,,,,,,,,252.2,,,,,,,,0.00,,,,,,,,0.00,0.00,,,,,,,,0.00,,,,,,,,0.00,0.00,,,,,,,,0.00,,,,,,,,0.00,0.00,,34,MFV 00543,BLK:22 PLN:05 POS:07,252.20
T59-B01,WT-169:S051,galvin,jim,7,BLK:22 PLN:05 POS:09,MFV 00737,252.7,1/6/2014 19:58,1/6/2014 22:07,2:09:06,,,,,,,,,,252.7,,,,,,,,0.00,,,,,,,,0.00,0.00,,,,,,,,0.00,,,,,,,,0.00,0.00,,,,,,,,0.00,,,,,,,,0.00,0.00,,35,MFV 00737,BLK:22 PLN:05 POS:09,252.70
T59-B01,WT-169:S051,galvin,jim,8,BLK:22 PLN:05 POS:11,MFV 09773,248.5,1/6/2014 20:28,1/6/2014 22:41,2:13:41,,,,,,,,,,248.5,,,,,,,,0.00,,,,,,,,0.00,0.00,,,,,,,,0.00,,,,,,,,0.00,0.00,,,,,,,,0.00,,,,,,,,0.00,0.00,,36,MFV 09773,BLK:22 PLN:05 POS:11,248.50
T59-B01,WT-169:S051,galvin,jim,2,BLK:22 PLN:07 POS:00,MFV 01094,250.1,1/6/2014 22:16,1/7/2014 0:35,2:19:28,,,,,,,,,,250.1,,,,,,,,0.00,,,,,,,,0.00,0.00,,,,,,,,0.00,,,,,,,,0.00,0.00,,,,,,,,0.00,,,,,,,,0.00,0.00,,37,MFV 01094,BLK:22 PLN:07 POS:00,250.10
T59-B01,WT-169:S051,galvin,jim,3,BLK:22 PLN:07 POS:02,MFV 09928,249,1/6/2014 22:46,1/7/2014 1:04,2:18:37,,,,,,,,,,249,,,,,,,,0.00,,,,,,,,0.00,0.00,,,,,,,,0.00,,,,,,,,0.00,0.00,,,,,,,,0.00,,,,,,,,0.00,0.00,,38,MFV 09928,BLK:22 PLN:07 POS:02,249.00
T59-B01,WT-169:S051,galvin,jim,4,BLK:22 PLN:07 POS:04,MFV 09772,250.2,1/6/2014 23:13,1/7/2014 1:33,2:20:23,,,,,,,,,,250.2,,,,,,,,0.00,,,,,,,,0.00,0.00,,,,,,,,0.00,,,,,,,,0.00,0.00,,,,,,,,0.00,,,,,,,,0.00,0.00,,39,MFV 09772,BLK:22 PLN:07 POS:04,250.20
T59-B01,WT-169:S051,galvin,jim,6,BLK:22 PLN:07 POS:06,MFV 03044,253.6,1/6/2014 22:30,1/7/2014 0:52,2:22:15,,,,,,,,,,253.6,,,,,,,,0.00,,,,,,,,0.00,0.00,,,,,,,,0.00,,,,,,,,0.00,0.00,,,,,,,,0.00,,,,,,,,0.00,0.00,,40,MFV 03044,BLK:22 PLN:07 POS:06,253.60
T59-B01,WT-169:S051,galvin,jim,7,BLK:22 PLN:07 POS:08,MFV 03382,253,1/6/2014 22:07,1/7/2014 0:23,2:15:21,,,,,,,,,,253,,,,,,,,0.00,,,,,,,,0.00,0.00,,,,,,,,0.00,,,,,,,,0.00,0.00,,,,,,,,0.00,,,,,,,,0.00,0.00,,41,MFV 03382,BLK:22 PLN:07 POS:08,253.00
T59-B01,WT-169:S051,galvin,jim,8,BLK:22 PLN:07 POS:10,MFV 09933,250.9,1/6/2014 22:42,1/7/2014 1:00,2:18:16,,,,,,,,,,250.9,,,,,,,,0.00,,,,,,,,0.00,0.00,,,,,,,,0.00,,,,,,,,0.00,0.00,,,,,,,,0.00,,,,,,,,0.00,0.00,,42,MFV 09933,BLK:22 PLN:07 POS:10,250.90
T59-B01,WT-169:S051,galvin,jim,2,BLK:22 PLN:07 POS:01,MFV 09921,250.6,1/7/2014 0:36,1/7/2014 2:56,2:20:11,,,,,,,,,,250.6,,,,,,,,0.00,,,,,,,,0.00,0.00,,,,,,,,0.00,,,,,,,,0.00,0.00,,,,,,,,0.00,,,,,,,,0.00,0.00,,43,MFV 09921,BLK:22 PLN:07 POS:01,250.60
T59-B01,WT-169:S051,galvin,jim,3,BLK:22 PLN:07 POS:03,MFV 09917,249.7,1/7/2014 1:05,1/7/2014 7:10,6:05:15,,,,,,,,,,249.7,,,,,,,,0.00,,,,,,,,0.00,0.00,,,,,,,,0.00,,,,,,,,0.00,0.00,,,,,,,,0.00,,,,,,,,0.00,0.00,,44,MFV 09917,BLK:22 PLN:07 POS:03,249.70
T59-B01,WT-169:S051,galvin,jim,4,BLK:22 PLN:07 POS:05,MFV 09934,247.1,1/7/2014 1:34,1/7/2014 7:36,6:02:16,,,,,,,,,,247.1,,,,,,,,0.00,,,,,,,,0.00,0.00,,,,,,,,0.00,,,,,,,,0.00,0.00,,,,,,,,0.00,,,,,,,,0.00,0.00,,45,MFV 09934,BLK:22 PLN:07 POS:05,247.10
T59-B01,WT-169:S051,galvin,jim,6,BLK:22 PLN:07 POS:07,MFV 03321,251.3,1/7/2014 0:53,1/7/2014 7:02,6:09:48,,,,,,,,,,251.3,,,,,,,,0.00,,,,,,,,0.00,0.00,,,,,,,,0.00,,,,,,,,0.00,0.00,,,,,,,,0.00,,,,,,,,0.00,0.00,,46,MFV 03321,BLK:22 PLN:07 POS:07,251.30
T59-B01,WT-169:S051,galvin,jim,7,BLK:22 PLN:07 POS:09,MFV 02297,251.2,1/7/2014 0:23,1/7/2014 2:37,2:14:16,,,,,,,,,,251.2,,,,,,,,0.00,,,,,,,,0.00,0.00,,,,,,,,0.00,,,,,,,,0.00,0.00,,,,,,,,0.00,,,,,,,,0.00,0.00,,47,MFV 02297,BLK:22 PLN:07 POS:09,251.20
T59-B01,WT-169:S051,galvin,jim,8,BLK:22 PLN:07 POS:11,MFV 01083,250,1/7/2014 1:00,1/7/2014 7:05,6:04:58,,,,,,,,,,250,,,,,,,,0.00,,,,,,,,0.00,0.00,,,,,,,,0.00,,,,,,,,0.00,0.00,,,,,,,,0.00,,,,,,,,0.00,0.00,,48,MFV 01083,BLK:22 PLN:07 POS:11,250.00
T59-B01,WT-169:S051,galvin,jim,2,BLK:22 PLN:09 POS:00,MFV 00541,199.1,1/7/2014 2:56,1/7/2014 11:05,8:08:33,,T59-B10,WT-164:S051,51.6,,,,,,250.7,,,,,,,,0.00,,,,,,,,0.00,0.00,,,,,,,,0.00,,,,,,,,0.00,0.00,,,,,,,,0.00,,,,,,,,0.00,0.00,,49,MFV 00541,BLK:22 PLN:09 POS:00,250.70
T59-B01,WT-169:S051,galvin,jim,7,BLK:22 PLN:09 POS:08,MFV 09331,242.5,1/7/2014 2:38,1/7/2014 10:38,8:00:36,,T59-B10,WT-164:S051,7.1,,,,,,249.6,,,,,,,,0.00,,,,,,,,0.00,0.00,,,,,,,,0.00,,,,,,,,0.00,0.00,,,,,,,,0.00,,,,,,,,0.00,0.00,,50,MFV 09331,BLK:22 PLN:09 POS:08,249.60
T59-B01,WT-169:S051,wood,blackmer,3,BLK:22 PLN:09 POS:02,MFV 09334,148.1,1/7/2014 7:10,1/7/2014 11:33,4:22:55,,T59-B10,WT-164:S051,99.9,,,,,,248,,,,,,,,0.00,,,,,,,,0.00,0.00,,,,,,,,0.00,,,,,,,,0.00,0.00,,,,,,,,0.00,,,,,,,,0.00,0.00,,51,MFV 09334,BLK:22 PLN:09 POS:02,248.00
T59-B01,WT-169:S051,wood,blackmer,4,BLK:22 PLN:09 POS:04,MFV 03791,102.3,1/7/2014 7:36,1/7/2014 11:59,4:22:34,,T59-B10,WT-164:S051,148.4,,,,,,250.7,,,,,,,,0.00,,,,,,,,0.00,0.00,,,,,,,,0.00,,,,,,,,0.00,0.00,,,,,,,,0.00,,,,,,,,0.00,0.00,,52,MFV 03791,BLK:22 PLN:09 POS:04,250.70
T59-B01,WT-169:S051,wood,blackmer,6,BLK:22 PLN:09 POS:06,MFV 09298,161,1/7/2014 7:03,1/7/2014 11:35,4:32:18,,T59-B10,WT-164:S051,91,,,,,,252,,,,,,,,0.00,,,,,,,,0.00,0.00,,,,,,,,0.00,,,,,,,,0.00,0.00,,,,,,,,0.00,,,,,,,,0.00,0.00,,53,MFV 09298,BLK:22 PLN:09 POS:06,252.00
T59-B01,WT-169:S051,wood,blackmer,8,BLK:22 PLN:09 POS:10,MFV 09926,159.6,1/7/2014 7:06,1/7/2014 11:36,4:30:53,,T59-B10,WT-164:S051,91.4,,,,,,251,,,,,,,,0.00,,,,,,,,0.00,0.00,,,,,,,,0.00,,,,,,,,0.00,0.00,,,,,,,,0.00,,,,,,,,0.00,0.00,,54,MFV 09926,BLK:22 PLN:09 POS:10,251.00
,,wood,blackmer,2,BLK:22 PLN:09 POS:01,MFV 09314,,1/7/2014 11:05,1/7/2014 13:25,2:19:40,,T59-B10,WT-164:S051,250.8,,,,,,250.8,,,,,,,,0.00,,,,,,,,0.00,0.00,,,,,,,,0.00,,,,,,,,0.00,0.00,,,,,,,,0.00,,,,,,,,0.00,0.00,,55,MFV 09314,BLK:22 PLN:09 POS:01,250.80
,,wood,blackmer,3,BLK:22 PLN:09 POS:03,MFV 09131,,1/7/2014 11:34,1/7/2014 13:55,2:20:31,,T59-B10,WT-164:S051,250.3,,,,,,250.3,,,,,,,,0.00,,,,,,,,0.00,0.00,,,,,,,,0.00,,,,,,,,0.00,0.00,,,,,,,,0.00,,,,,,,,0.00,0.00,,56,MFV 09131,BLK:22 PLN:09 POS:03,250.30
,,wood,blackmer,4,BLK:22 PLN:09 POS:05,MFV 00478,,1/7/2014 12:00,1/7/2014 14:21,2:21:52,,T59-B10,WT-164:S051,251.3,,,,,,251.3,,,,,,,,0.00,,,,,,,,0.00,0.00,,,,,,,,0.00,,,,,,,,0.00,0.00,,,,,,,,0.00,,,,,,,,0.00,0.00,,57,MFV 00478,BLK:22 PLN:09 POS:05,251.30
,,wood,blackmer,6,BLK:22 PLN:09 POS:07,MFV 09346,,1/7/2014 11:35,1/7/2014 13:58,2:22:24,,T59-B10,WT-164:S051,250.4,,,,,,250.4,,,,,,,,0.00,,,,,,,,0.00,0.00,,,,,,,,0.00,,,,,,,,0.00,0.00,,,,,,,,0.00,,,,,,,,0.00,0.00,,58,MFV 09346,BLK:22 PLN:09 POS:07,250.40
,,wood,blackmer,7,BLK:22 PLN:09 POS:09,MFV 09296,,1/7/2014 10:39,1/7/2014 13:04,2:24:49,,T59-B10,WT-164:S051,249.3,,,,,,249.3,,,,,,,,0.00,,,,,,,,0.00,0.00,,,,,,,,0.00,,,,,,,,0.00,0.00,,,,,,,,0.00,,,,,,,,0.00,0.00,,59,MFV 09296,BLK:22 PLN:09 POS:09,249.30
,,wood,blackmer,8,BLK:22 PLN:09 POS:11,MFV 09890,,1/7/2014 11:37,1/7/2014 13:56,2:18:56,,T59-B10,WT-164:S051,248.7,,,,,,248.7,,,,,,,,0.00,,,,,,,,0.00,0.00,,,,,,,,0.00,,,,,,,,0.00,0.00,,,,,,,,0.00,,,,,,,,0.00,0.00,,60,MFV 09890,BLK:22 PLN:09 POS:11,248.70
,,wood,blackmer,2,BLK:22 PLN:11 POS:00,MFV 09337,,1/7/2014 13:25,1/7/2014 15:48,2:23:03,,T59-B10,WT-164:S051,248.2,,,,,,248.2,,,,,,,,0.00,,,,,,,,0.00,0.00,,,,,,,,0.00,,,,,,,,0.00,0.00,,,,,,,,0.00,,,,,,,,0.00,0.00,,61,MFV 09337,BLK:22 PLN:11 POS:00,248.20
,,wood,blackmer,3,BLK:22 PLN:11 POS:02,MFV 09781,,1/7/2014 13:55,1/7/2014 17:40,3:45:27,,T59-B10,WT-164:S051,201.4,swap,T59-B10,WT-168:S027,48.6,,250,,,,,,,,0.00,,,,,,,,0.00,0.00,,,,,,,,0.00,,,,,,,,0.00,0.00,,,,,,,,0.00,,,,,,,,0.00,0.00,,62,MFV 09781,BLK:22 PLN:11 POS:02,250.00
,,wood,blackmer,4,BLK:22 PLN:11 POS:04,MFV 09826,,1/7/2014 14:22,1/7/2014 18:02,3:39:51,,T59-B10,WT-164:S051,153.2,swap,T59-B10,WT-168:S027,96,,249.2,,,,,,,,0.00,,,,,,,,0.00,0.00,,,,,,,,0.00,,,,,,,,0.00,0.00,,,,,,,,0.00,,,,,,,,0.00,0.00,,63,MFV 09826,BLK:22 PLN:11 POS:04,249.20
,,wood,blackmer,6,BLK:22 PLN:11 POS:06,MFV 09884,,1/7/2014 13:58,1/7/2014 17:43,3:44:46,,T59-B10,WT-164:S051,192.5,swap,T59-B10,WT-168:S027,57.3,,249.8,,,,,,,,0.00,,,,,,,,0.00,0.00,,,,,,,,0.00,,,,,,,,0.00,0.00,,,,,,,,0.00,,,,,,,,0.00,0.00,,64,MFV 09884,BLK:22 PLN:11 POS:06,249.80
,,wood,blackmer,7,BLK:22 PLN:11 POS:08,MFV 00732,,1/7/2014 13:04,1/7/2014 15:30,2:26:08,,T59-B10,WT-164:S051,252,,,,,,252,,,,,,,,0.00,,,,,,,,0.00,0.00,,,,,,,,0.00,,,,,,,,0.00,0.00,,,,,,,,0.00,,,,,,,,0.00,0.00,,65,MFV 00732,BLK:22 PLN:11 POS:08,252.00
,,wood,blackmer,8,BLK:22 PLN:11 POS:10,MFV 09849,,1/7/2014 13:56,1/7/2014 17:41,3:44:41,,T59-B10,WT-164:S051,198.4,swap,T59-B10,WT-168:S027,51.8,,250.2,,,,,,,,0.00,,,,,,,,0.00,0.00,,,,,,,,0.00,,,,,,,,0.00,0.00,,,,,,,,0.00,,,,,,,,0.00,0.00,,66,MFV 09849,BLK:22 PLN:11 POS:10,250.20
,,,,2,BLK:22 PLN:11 POS:01,MFV 09885,,1/7/2014 15:48,1/7/2014 19:28,3:39:56,,T59-B10,WT-164:S051,0.1,swap,T59-B10,WT-168:S027,251.3,,251.4,,,,,,,,0.00,,,,,,,,0.00,0.00,,,,,,,,0.00,,,,,,,,0.00,0.00,,,,,,,,0.00,,,,,,,,0.00,0.00,,67,MFV 09885,BLK:22 PLN:11 POS:01,251.40
,,,,7,BLK:22 PLN:11 POS:09,MFV 09847,,1/7/2014 15:30,1/7/2014 19:09,3:38:50,,T59-B10,WT-164:S051,29.2,swap,T59-B10,WT-168:S027,219.6,,248.8,,,,,,,,0.00,,,,,,,,0.00,0.00,,,,,,,,0.00,,,,,,,,0.00,0.00,,,,,,,,0.00,,,,,,,,0.00,0.00,,68,MFV 09847,BLK:22 PLN:11 POS:09,248.80
T59-B10,WT-168:S027,galvin,jim,3,BLK:22 PLN:11 POS:03,MFV 09828,248.9,1/7/2014 17:41,1/7/2014 20:02,2:21:08,,,,,,,,,,248.9,,,,,,,,0.00,,,,,,,,0.00,0.00,,,,,,,,0.00,,,,,,,,0.00,0.00,,,,,,,,0.00,,,,,,,,0.00,0.00,,69,MFV 09828,BLK:22 PLN:11 POS:03,248.90
T59-B10,WT-168:S027,galvin,jim,4,BLK:22 PLN:11 POS:05,MFV 09889,251.6,1/7/2014 18:02,1/7/2014 20:22,2:19:25,,,,,,,,,,251.6,,,,,,,,0.00,,,,,,,,0.00,0.00,,,,,,,,0.00,,,,,,,,0.00,0.00,,,,,,,,0.00,,,,,,,,0.00,0.00,,70,MFV 09889,BLK:22 PLN:11 POS:05,251.60
T59-B10,WT-168:S027,galvin,jim,6,BLK:22 PLN:11 POS:07,MFV 09881,248.7,1/7/2014 17:43,1/7/2014 20:04,2:21:08,,,,,,,,,,248.7,,,,,,,,0.00,,,,,,,,0.00,0.00,,,,,,,,0.00,,,,,,,,0.00,0.00,,,,,,,,0.00,,,,,,,,0.00,0.00,,71,MFV 09881,BLK:22 PLN:11 POS:07,248.70
T59-B10,WT-168:S027,galvin,jim,8,BLK:22 PLN:11 POS:11,MFV 09882,248.3,1/7/2014 17:41,1/7/2014 19:58,2:16:34,,,,,,,,,,248.3,,,,,,,,0.00,,,,,,,,0.00,0.00,,,,,,,,0.00,,,,,,,,0.00,0.00,,,,,,,,0.00,,,,,,,,0.00,0.00,,72,MFV 09882,BLK:22 PLN:11 POS:11,248.30
T59-B10,WT-168:S027,galvin,jim,2,BLK:22 PLN:13 POS:00,MFV 09834,249.3,1/7/2014 19:28,1/7/2014 21:49,2:20:48,,,,,,,,,,249.3,,,,,,,,0.00,,,,,,,,0.00,0.00,,,,,,,,0.00,,,,,,,,0.00,0.00,,,,,,,,0.00,,,,,,,,0.00,0.00,,73,MFV 09834,BLK:22 PLN:13 POS:00,249.30
T59-B10,WT-168:S027,galvin,jim,3,BLK:22 PLN:13 POS:02,MFV 09876,250.9,1/7/2014 20:02,1/7/2014 22:21,2:18:58,,,,,,,,,,250.9,,,,,,,,0.00,,,,,,,,0.00,0.00,,,,,,,,0.00,,,,,,,,0.00,0.00,,,,,,,,0.00,,,,,,,,0.00,0.00,,74,MFV 09876,BLK:22 PLN:13 POS:02,250.90
T59-B10,WT-168:S027,galvin,jim,4,BLK:22 PLN:13 POS:04,MFV 09879,251.3,1/7/2014 20:23,1/7/2014 22:44,2:20:36,,,,,,,,,,251.3,,,,,,,,0.00,,,,,,,,0.00,0.00,,,,,,,,0.00,,,,,,,,0.00,0.00,,,,,,,,0.00,,,,,,,,0.00,0.00,,75,MFV 09879,BLK:22 PLN:13 POS:04,251.30
T59-B10,WT-168:S027,galvin,jim,6,BLK:22 PLN:13 POS:06,MFV 09898,250.7,1/7/2014 20:04,1/7/2014 22:25,2:20:16,,,,,,,,,,250.7,,,,,,,,0.00,,,,,,,,0.00,0.00,,,,,,,,0.00,,,,,,,,0.00,0.00,,,,,,,,0.00,,,,,,,,0.00,0.00,,76,MFV 09898,BLK:22 PLN:13 POS:06,250.70
T59-B10,WT-168:S027,galvin,jim,7,BLK:22 PLN:13 POS:08,MFV 09146,252.2,1/7/2014 19:10,1/7/2014 21:24,2:14:27,,,,,,,,,,252.2,,,,,,,,0.00,,,,,,,,0.00,0.00,,,,,,,,0.00,,,,,,,,0.00,0.00,,,,,,,,0.00,,,,,,,,0.00,0.00,,77,MFV 09146,BLK:22 PLN:13 POS:08,252.20
T59-B10,WT-168:S027,galvin,jim,8,BLK:22 PLN:13 POS:10,MFV 09821,248.8,1/7/2014 19:58,1/7/2014 22:19,2:20:11,,,,,,,,,,248.8,,,,,,,,0.00,,,,,,,,0.00,0.00,,,,,,,,0.00,,,,,,,,0.00,0.00,,,,,,,,0.00,,,,,,,,0.00,0.00,,78,MFV 09821,BLK:22 PLN:13 POS:10,248.80
T59-B10,WT-168:S027,galvin,jim,2,BLK:22 PLN:13 POS:01,MFV 00987,250.8,1/7/2014 21:49,1/8/2014 0:13,2:23:48,,,,,,,,,,250.8,,,,,,,,0.00,,,,,,,,0.00,0.00,,,,,,,,0.00,,,,,,,,0.00,0.00,,,,,,,,0.00,,,,,,,,0.00,0.00,,79,MFV 00987,BLK:22 PLN:13 POS:01,250.80
T59-B10,WT-168:S027,galvin,jim,3,BLK:22 PLN:13 POS:03,MFV 09870,247.8,1/7/2014 22:21,1/8/2014 0:39,2:17:44,,,,,,,,,,247.8,,,,,,,,0.00,,,,,,,,0.00,0.00,,,,,,,,0.00,,,,,,,,0.00,0.00,,,,,,,,0.00,,,,,,,,0.00,0.00,,80,MFV 09870,BLK:22 PLN:13 POS:03,247.80
T59-B10,WT-168:S027,galvin,jim,4,BLK:22 PLN:13 POS:05,MFV 09886,251.6,1/7/2014 22:44,1/8/2014 1:04,2:20:02,,,,,,,,,,251.6,,,,,,,,0.00,,,,,,,,0.00,0.00,,,,,,,,0.00,,,,,,,,0.00,0.00,,,,,,,,0.00,,,,,,,,0.00,0.00,,81,MFV 09886,BLK:22 PLN:13 POS:05,251.60
T59-B10,WT-168:S027,galvin,jim,6,BLK:22 PLN:13 POS:07,MFV 09838,250.6,1/7/2014 22:25,1/8/2014 0:46,2:20:47,,,,,,,,,,250.6,,,,,,,,0.00,,,,,,,,0.00,0.00,,,,,,,,0.00,,,,,,,,0.00,0.00,,,,,,,,0.00,,,,,,,,0.00,0.00,,82,MFV 09838,BLK:22 PLN:13 POS:07,250.60
T59-B10,WT-168:S027,galvin,jim,7,BLK:22 PLN:13 POS:09,MFV 09184,252.6,1/7/2014 21:24,1/7/2014 23:38,2:13:35,,,,,,,,,,252.6,,,,,,,,0.00,,,,,,,,0.00,0.00,,,,,,,,0.00,,,,,,,,0.00,0.00,,,,,,,,0.00,,,,,,,,0.00,0.00,,83,MFV 09184,BLK:22 PLN:13 POS:09,252.60
T59-B10,WT-168:S027,galvin,jim,8,BLK:22 PLN:13 POS:11,MFV 09859,249,1/7/2014 22:19,1/8/2014 0:38,2:19:17,,,,,,,,,,249,,,,,,,,0.00,,,,,,,,0.00,0.00,,,,,,,,0.00,,,,,,,,0.00,0.00,,,,,,,,0.00,,,,,,,,0.00,0.00,,84,MFV 09859,BLK:22 PLN:13 POS:11,249.00
T59-B10,WT-168:S027,galvin,jim,2,BLK:22 PLN:15 POS:00,MFV 09850,252.6,1/8/2014 0:13,1/8/2014 2:33,2:19:24,,,,,,,,,,252.6,,,,,,,,0.00,,,,,,,,0.00,0.00,,,,,,,,0.00,,,,,,,,0.00,0.00,,,,,,,,0.00,,,,,,,,0.00,0.00,,85,MFV 09850,BLK:22 PLN:15 POS:00,252.60
T59-B10,WT-168:S027,galvin,jim,3,BLK:22 PLN:15 POS:02,MFV 03934,251.2,1/8/2014 0:39,1/8/2014 3:04,2:24:30,,,,,,,,,,251.2,,,,,,,,0.00,,,,,,,,0.00,0.00,,,,,,,,0.00,,,,,,,,0.00,0.00,,,,,,,,0.00,,,,,,,,0.00,0.00,,86,MFV 03934,BLK:22 PLN:15 POS:02,251.20
T59-B10,WT-168:S027,galvin,jim,4,BLK:22 PLN:15 POS:04,MFV 09878,208.5,1/8/2014 1:04,1/8/2014 7:59,6:54:25,swap,T59-B10,WT-165;SO53,7.5,1 hr delay priming pump,,,,,216,,,,,,,,0.00,,,,,,,,0.00,0.00,,,,,,,,0.00,,,,,,,,0.00,0.00,,,,,,,,0.00,,,,,,,,0.00,0.00,,87,MFV 09878,BLK:22 PLN:15 POS:04,216.00
T59-B10,WT-168:S027,galvin,jim,6,BLK:22 PLN:15 POS:06,MFV 09880,236.5,1/8/2014 0:46,1/8/2014 7:45,6:59:15,swap,T59-B10,WT-165;SO53,30.4,1 hr delay priming pump,,,,,266.9,,,,,,,,0.00,,,,,,,,0.00,0.00,,,,,,,,0.00,,,,,,,,0.00,0.00,,,,,,,,0.00,,,,,,,,0.00,0.00,,88,MFV 09880,BLK:22 PLN:15 POS:06,266.90
T59-B10,WT-168:S027,galvin,jim,7,BLK:22 PLN:15 POS:08,MFV 09873,250.6,1/7/2014 23:40,1/8/2014 1:53,2:13:05,,,,,,,,,,250.6,,,,,,,,0.00,,,,,,,,0.00,0.00,,,,,,,,0.00,,,,,,,,0.00,0.00,,,,,,,,0.00,,,,,,,,0.00,0.00,,89,MFV 09873,BLK:22 PLN:15 POS:08,250.60
T59-B10,WT-168:S027,galvin,jim,8,BLK:22 PLN:15 POS:10,MFV 09877,248,1/8/2014 0:38,1/8/2014 2:59,2:20:57,,,,,,,,,,248,,,,,,,,0.00,,,,,,,,0.00,0.00,,,,,,,,0.00,,,,,,,,0.00,0.00,,,,,,,,0.00,,,,,,,,0.00,0.00,,90,MFV 09877,BLK:22 PLN:15 POS:10,248.00
T59-B10,WT-168:S027,galvin,jim,2,BLK:22 PLN:15 POS:01,MFV 03921,42.8,1/8/2014 2:33,1/8/2014 9:25,6:51:41,swap,T59-B10,WT-165;SO53,208.1,1 hr delay prime pump,,,,,250.9,,,,,,,,0.00,,,,,,,,0.00,0.00,,,,,,,,0.00,,,,,,,,0.00,0.00,,,,,,,,0.00,,,,,,,,0.00,0.00,,91,MFV 03921,BLK:22 PLN:15 POS:01,250.90
T59-B10,WT-168:S027,galvin,jim,3,BLK:22 PLN:15 POS:03,MFV 01232,0.2,1/8/2014 3:04,1/8/2014 9:50,6:45:38,swap,T59-B10,WT-165;SO53,252.3,1 hr delay prime pump,,,,,252.5,,,,,,,,0.00,,,,,,,,0.00,0.00,,,,,,,,0.00,,,,,,,,0.00,0.00,,,,,,,,0.00,,,,,,,,0.00,0.00,,92,MFV 01232,BLK:22 PLN:15 POS:03,252.50
T59-B10,WT-168:S027,galvin,jim,4,BLK:22 PLN:15 POS:05,MFV 09895,,1/8/2014 8:00,1/8/2014 10:18,2:18:12,,T59-B10,WT-165;SO53,251.5,,,,,,251.5,,,,,,,,0.00,,,,,,,,0.00,0.00,,,,,,,,0.00,,,,,,,,0.00,0.00,,,,,,,,0.00,,,,,,,,0.00,0.00,,93,MFV 09895,BLK:22 PLN:15 POS:05,251.50
T59-B10,WT-168:S027,galvin,jim,6,BLK:22 PLN:15 POS:07,MFV 09871,,1/8/2014 7:47,1/8/2014 10:03,2:15:49,,T59-B10,WT-165;SO53,248.4,,,,,,248.4,,,,,,,,0.00,,,,,,,,0.00,0.00,,,,,,,,0.00,,,,,,,,0.00,0.00,,,,,,,,0.00,,,,,,,,0.00,0.00,,94,MFV 09871,BLK:22 PLN:15 POS:07,248.40
T59-B10,WT-168:S027,galvin,jim,7,BLK:22 PLN:15 POS:09,MFV 09899,125.1,1/8/2014 1:53,1/8/2014 9:13,7:19:59,swap,T59-B10,WT-165;SO53,124.5,1 hr delay prime pump,,,,,249.6,,,,,,,,0.00,,,,,,,,0.00,0.00,,,,,,,,0.00,,,,,,,,0.00,0.00,,,,,,,,0.00,,,,,,,,0.00,0.00,,95,MFV 09899,BLK:22 PLN:15 POS:09,249.60
T59-B10,WT-168:S027,galvin,jim,8,BLK:22 PLN:15 POS:11,MFV 03907,0.3,1/8/2014 3:01,1/8/2014 9:48,6:46:35,swap,T59-B10,WT-165;SO53,252.4,1 hr delay prime pump,,,,,252.7,,,,,,,,0.00,,,,,,,,0.00,0.00,,,,,,,,0.00,,,,,,,,0.00,0.00,,,,,,,,0.00,,,,,,,,0.00,0.00,,96,MFV 03907,BLK:22 PLN:15 POS:11,252.70
T59-B10,WT-165:SO53,larry,don,2,BLK:22 PLN:17 POS:00,MFV 03302,251.5,1/8/2014 9:26,1/8/2014 11:46,2:20:05,,,,,,,,,,251.5,,,,,,,,0.00,,,,,,,,0.00,0.00,,,,,,,,0.00,,,,,,,,0.00,0.00,,,,,,,,0.00,,,,,,,,0.00,0.00,,97,MFV 03302,BLK:22 PLN:17 POS:00,251.50
T59-B10,WT-165:SO53,larry,don,3,BLK:22 PLN:17 POS:02,MFV 09788,249.1,1/8/2014 9:52,1/8/2014 12:09,2:17:34,,,,,,,,,,249.1,,,,,,,,0.00,,,,,,,,0.00,0.00,,,,,,,,0.00,,,,,,,,0.00,0.00,,,,,,,,0.00,,,,,,,,0.00,0.00,,98,MFV 09788,BLK:22 PLN:17 POS:02,249.10
T59-B10,WT-165:SO53,larry,don,4,BLK:22 PLN:17 POS:04,MFV 09832,249.8,1/8/2014 10:19,1/8/2014 12:39,2:19:27,,,,,,,,,,249.8,,,,,,,,0.00,,,,,,,,0.00,0.00,,,,,,,,0.00,,,,,,,,0.00,0.00,,,,,,,,0.00,,,,,,,,0.00,0.00,,99,MFV 09832,BLK:22 PLN:17 POS:04,249.80
T59-B10,WT-165:SO53,larry,don,6,BLK:22 PLN:17 POS:06,MFV 09761,248.2,1/8/2014 10:04,1/8/2014 12:27,2:22:52,,,,,,,,,,248.2,,,,,,,,0.00,,,,,,,,0.00,0.00,,,,,,,,0.00,,,,,,,,0.00,0.00,,,,,,,,0.00,,,,,,,,0.00,0.00,,100,MFV 09761,BLK:22 PLN:17 POS:06,248.20
T59-B10,WT-165:SO53,larry,don,7,BLK:22 PLN:17 POS:08,MFV 09801,249.2,1/8/2014 9:15,1/8/2014 11:27,2:11:52,,,,,,,,,,249.2,,,,,,,,0.00,,,,,,,,0.00,0.00,,,,,,,,0.00,,,,,,,,0.00,0.00,,,,,,,,0.00,,,,,,,,0.00,0.00,,101,MFV 09801,BLK:22 PLN:17 POS:08,249.20
T59-B10,WT-165:SO53,larry,don,8,BLK:22 PLN:17 POS:10,MFV 09825,248.2,1/8/2014 9:49,1/8/2014 12:07,2:17:43,,,,,,,,,,248.2,,,,,,,,0.00,,,,,,,,0.00,0.00,,,,,,,,0.00,,,,,,,,0.00,0.00,,,,,,,,0.00,,,,,,,,0.00,0.00,,102,MFV 09825,BLK:22 PLN:17 POS:10,248.20
T59-B10,WT-165:SO53,larry,don,2,BLK:22 PLN:17 POS:01,MFV 03354,250.2,1/8/2014 11:47,1/8/2014 14:06,2:19:36,,,,,,,,,,250.2,,,,,,,,0.00,,,,,,,,0.00,0.00,,,,,,,,0.00,,,,,,,,0.00,0.00,,,,,,,,0.00,,,,,,,,0.00,0.00,,103,MFV 03354,BLK:22 PLN:17 POS:01,250.20
T59-B10,WT-165:SO53,larry,don,3,BLK:22 PLN:17 POS:03,MFV 09831,248.5,1/8/2014 12:10,1/8/2014 14:26,2:16:08,,,,,,,,,,248.5,,,,,,,,0.00,,,,,,,,0.00,0.00,,,,,,,,0.00,,,,,,,,0.00,0.00,,,,,,,,0.00,,,,,,,,0.00,0.00,,104,MFV 09831,BLK:22 PLN:17 POS:03,248.50
T59-B10,WT-165:SO53,larry,don,4,BLK:22 PLN:17 POS:05,MFV 09809,249.3,1/8/2014 12:40,1/8/2014 15:00,2:19:19,,,,,,,,,,249.3,,,,,,,,0.00,,,,,,,,0.00,0.00,,,,,,,,0.00,,,,,,,,0.00,0.00,,,,,,,,0.00,,,,,,,,0.00,0.00,,105,MFV 09809,BLK:22 PLN:17 POS:05,249.30
T59-B10,WT-165:SO53,larry,don,6,BLK:22 PLN:17 POS:07,MFV 08684,250.7,1/8/2014 12:28,1/8/2014 14:48,2:19:59,,,,,,,,,,250.7,,,,,,,,0.00,,,,,,,,0.00,0.00,,,,,,,,0.00,,,,,,,,0.00,0.00,,,,,,,,0.00,,,,,,,,0.00,0.00,,106,MFV 08684,BLK:22 PLN:17 POS:07,250.70
T59-B10,WT-165:SO53,larry,don,7,BLK:22 PLN:17 POS:09,MFV 09762,247.8,1/8/2014 11:28,1/8/2014 13:41,2:13:11,,,,,,,,,,247.8,,,,,,,,0.00,,,,,,,,0.00,0.00,,,,,,,,0.00,,,,,,,,0.00,0.00,,,,,,,,0.00,,,,,,,,0.00,0.00,,107,MFV 09762,BLK:22 PLN:17 POS:09,247.80
T59-B10,WT-165:SO53,larry,don,8,BLK:22 PLN:17 POS:11,MFV 09365,250.1,1/8/2014 12:07,1/8/2014 14:24,2:16:35,,,,,,,,,,250.1,,,,,,,,0.00,,,,,,,,0.00,0.00,,,,,,,,0.00,,,,,,,,0.00,0.00,,,,,,,,0.00,,,,,,,,0.00,0.00,,108,MFV 09365,BLK:22 PLN:17 POS:11,250.10
T59-B10,WT-165:SO53,larry,don,2,BLK:22 PLN:19 POS:00,MFV 03893,250.4,1/8/2014 14:08,1/8/2014 16:27,2:19:34,,,,,,,,,,250.4,,,,,,,,0.00,,,,,,,,0.00,0.00,,,,,,,,0.00,,,,,,,,0.00,0.00,,,,,,,,0.00,,,,,,,,0.00,0.00,,109,MFV 03893,BLK:22 PLN:19 POS:00,250.40
T59-B10,WT-165:SO53,larry,don,3,BLK:22 PLN:19 POS:02,MFV 03894,250.4,1/8/2014 14:27,1/8/2014 17:15,2:48:23,,,,,,,,,,250.4,,,,,,,,0.00,,,,,,,,0.00,0.00,,,,,,,,0.00,,,,,,,,0.00,0.00,,,,,,,,0.00,,,,,,,,0.00,0.00,,110,MFV 03894,BLK:22 PLN:19 POS:02,250.40
T59-B10,WT-165:SO53,larry,don,4,BLK:22 PLN:19 POS:04,MFV 03898,251.4,1/8/2014 15:00,1/8/2014 17:52,2:51:25,,,,,,,,,,251.4,,,,,,,,0.00,,,,,,,,0.00,0.00,,,,,,,,0.00,,,,,,,,0.00,0.00,,,,,,,,0.00,,,,,,,,0.00,0.00,,111,MFV 03898,BLK:22 PLN:19 POS:04,251.40
T59-B10,WT-165:SO53,larry,don,6,BLK:22 PLN:19 POS:06,MFV 01086,251.1,1/8/2014 14:49,1/8/2014 17:34,2:45:03,,,,,,,,,,251.1,,,,,,,,0.00,,,,,,,,0.00,0.00,,,,,,,,0.00,,,,,,,,0.00,0.00,,,,,,,,0.00,,,,,,,,0.00,0.00,,112,MFV 01086,BLK:22 PLN:19 POS:06,251.10
T59-B10,WT-165:SO53,larry,don,7,BLK:22 PLN:19 POS:08,MFV 03305,251.4,1/8/2014 13:42,1/8/2014 15:55,2:13:29,,,,,,,,,,251.4,,,,,,,,0.00,,,,,,,,0.00,0.00,,,,,,,,0.00,,,,,,,,0.00,0.00,,,,,,,,0.00,,,,,,,,0.00,0.00,,113,MFV 03305,BLK:22 PLN:19 POS:08,251.40
T59-B10,WT-165:SO53,larry,don,8,BLK:22 PLN:19 POS:10,MFV 03892,251.4,1/8/2014 14:25,1/8/2014 16:41,2:16:55,,,,,,,,,,251.4,,,,,,,,0.00,,,,,,,,0.00,0.00,,,,,,,,0.00,,,,,,,,0.00,0.00,,,,,,,,0.00,,,,,,,,0.00,0.00,,114,MFV 03892,BLK:22 PLN:19 POS:10,251.40
T59-B10,WT-165:SO53,larry,don,2,BLK:22 PLN:19 POS:01,MFV 03880,123,1/8/2014 16:28,1/8/2014 19:39,3:10:46,swap,T59-B10,WT053-159,129.7,,,,,,252.7,,,,,,,,0.00,,,,,,,,0.00,0.00,,,,,,,,0.00,,,,,,,,0.00,0.00,,,,,,,,0.00,,,,,,,,0.00,0.00,,115,MFV 03880,BLK:22 PLN:19 POS:01,252.70
T59-B10,WT-165:SO53,larry,don,7,BLK:22 PLN:19 POS:09,MFV 03082,189.4,1/8/2014 15:56,1/8/2014 18:56,3:00:08,swap,T59-B10,WT053-159,61.1,,,,,,250.5,,,,,,,,0.00,,,,,,,,0.00,0.00,,,,,,,,0.00,,,,,,,,0.00,0.00,,,,,,,,0.00,,,,,,,,0.00,0.00,,116,MFV 03082,BLK:22 PLN:19 POS:09,250.50
T59-B10,WT-165:SO53,larry,don,8,BLK:22 PLN:19 POS:11,MFV 03310,113.6,1/8/2014 16:42,1/8/2014 19:42,2:59:46,swap,T59-B10,WT053-159,138.3,,,,,,251.9,,,,,,,,0.00,,,,,,,,0.00,0.00,,,,,,,,0.00,,,,,,,,0.00,0.00,,,,,,,,0.00,,,,,,,,0.00,0.00,,117,MFV 03310,BLK:22 PLN:19 POS:11,251.90
T59-B10,WT-165:S053,galvin,jim,3,BLK:22 PLN:19 POS:03,MFV 03899,93.2,1/8/2014 17:16,1/8/2014 19:57,2:40:29,swap,T59-B10,WT053-159,159.4,,,,,,252.6,,,,,,,,0.00,,,,,,,,0.00,0.00,,,,,,,,0.00,,,,,,,,0.00,0.00,,,,,,,,0.00,,,,,,,,0.00,0.00,,118,MFV 03899,BLK:22 PLN:19 POS:03,252.60
T59-B10,WT-165:S053,galvin,jim,4,BLK:22 PLN:19 POS:05,MFV 03920,27.1,1/8/2014 17:52,1/8/2014 20:35,2:42:54,swap,T59-B10,WT053-159,225.7,,,,,,252.8,,,,,,,,0.00,,,,,,,,0.00,0.00,,,,,,,,0.00,,,,,,,,0.00,0.00,,,,,,,,0.00,,,,,,,,0.00,0.00,,119,MFV 03920,BLK:22 PLN:19 POS:05,252.80
T59-B10,WT-165:S053,galvin,jim,6,BLK:22 PLN:19 POS:07,MFV 03910,59.1,1/8/2014 17:34,1/8/2014 20:18,2:43:51,swap,T59-B10,WT053-159,194.3,,,,,,253.4,,,,,,,,0.00,,,,,,,,0.00,0.00,,,,,,,,0.00,,,,,,,,0.00,0.00,,,,,,,,0.00,,,,,,,,0.00,0.00,,120,MFV 03910,BLK:22 PLN:19 POS:07,253.40
,,galvin,jim,2,BLK:22 PLN:21 POS:00,MFV 01703,,1/8/2014 19:39,1/8/2014 22:08,2:29:11,,T59-B10,WT053-159,248.8,,,,,,248.8,,,,,,,,0.00,,,,,,,,0.00,0.00,,,,,,,,0.00,,,,,,,,0.00,0.00,,,,,,,,0.00,,,,,,,,0.00,0.00,,121,MFV 01703,BLK:22 PLN:21 POS:00,248.80
,,galvin,jim,3,BLK:22 PLN:21 POS:02,MFV 09820,,1/8/2014 19:57,1/8/2014 22:27,2:30:26,,T59-B10,WT053-159,248.5,,,,,,248.5,,,,,,,,0.00,,,,,,,,0.00,0.00,,,,,,,,0.00,,,,,,,,0.00,0.00,,,,,,,,0.00,,,,,,,,0.00,0.00,,122,MFV 09820,BLK:22 PLN:21 POS:02,248.50
,,galvin,jim,4,BLK:22 PLN:21 POS:04,MFV 09791,,1/8/2014 20:36,1/8/2014 22:55,2:18:48,,T59-B10,WT053-159,249.1,,,,,,249.1,,,,,,,,0.00,,,,,,,,0.00,0.00,,,,,,,,0.00,,,,,,,,0.00,0.00,,,,,,,,0.00,,,,,,,,0.00,0.00,,123,MFV 09791,BLK:22 PLN:21 POS:04,249.10
,,galvin,jim,6,BLK:22 PLN:21 POS:06,MFV 09819,,1/8/2014 20:18,1/8/2014 22:40,2:21:21,,T59-B10,WT053-159,248.1,,,,,,248.1,,,,,,,,0.00,,,,,,,,0.00,0.00,,,,,,,,0.00,,,,,,,,0.00,0.00,,,,,,,,0.00,,,,,,,,0.00,0.00,,124,MFV 09819,BLK:22 PLN:21 POS:06,248.10
,,galvin,jim,7,BLK:22 PLN:21 POS:08,MFV 03914,,1/8/2014 18:56,1/8/2014 21:16,2:19:43,,T59-B10,WT053-159,252.7,,,,,,252.7,,,,,,,,0.00,,,,,,,,0.00,0.00,,,,,,,,0.00,,,,,,,,0.00,0.00,,,,,,,,0.00,,,,,,,,0.00,0.00,,125,MFV 03914,BLK:22 PLN:21 POS:08,252.70
,,galvin,jim,8,BLK:22 PLN:21 POS:10,MFV 03856,,1/8/2014 19:42,1/8/2014 22:04,2:21:29,,T59-B10,WT053-159,252.4,,,,,,252.4,,,,,,,,0.00,,,,,,,,0.00,0.00,,,,,,,,0.00,,,,,,,,0.00,0.00,,,,,,,,0.00,,,,,,,,0.00,0.00,,126,MFV 03856,BLK:22 PLN:21 POS:10,252.40
,,galvin,jim,2,BLK:22 PLN:21 POS:01,MFV 09790,,1/8/2014 22:09,1/9/2014 0:28,2:19:04,,T59-B10,WT053-159,249.3,,,,,,249.3,,,,,,,,0.00,,,,,,,,0.00,0.00,,,,,,,,0.00,,,,,,,,0.00,0.00,,,,,,,,0.00,,,,,,,,0.00,0.00,,127,MFV 09790,BLK:22 PLN:21 POS:01,249.30
,,galvin,jim,3,BLK:22 PLN:21 POS:03,MFV 09823,,1/8/2014 22:28,1/9/2014 0:47,2:19:17,,T59-B10,WT053-159,248.2,,,,,,248.2,,,,,,,,0.00,,,,,,,,0.00,0.00,,,,,,,,0.00,,,,,,,,0.00,0.00,,,,,,,,0.00,,,,,,,,0.00,0.00,,128,MFV 09823,BLK:22 PLN:21 POS:03,248.20
,,galvin,jim,4,BLK:22 PLN:21 POS:05,MFV 09817,,1/8/2014 22:55,1/9/2014 1:17,2:22:13,,T59-B10,WT053-159,250.3,,,,,,250.3,,,,,,,,0.00,,,,,,,,0.00,0.00,,,,,,,,0.00,,,,,,,,0.00,0.00,,,,,,,,0.00,,,,,,,,0.00,0.00,,129,MFV 09817,BLK:22 PLN:21 POS:05,250.30
,,galvin,jim,6,BLK:22 PLN:21 POS:07,MFV 00251,,1/8/2014 22:40,1/9/2014 1:03,2:22:30,,T59-B10,WT053-159,251.6,,,,,,251.6,,,,,,,,0.00,,,,,,,,0.00,0.00,,,,,,,,0.00,,,,,,,,0.00,0.00,,,,,,,,0.00,,,,,,,,0.00,0.00,,130,MFV 00251,BLK:22 PLN:21 POS:07,251.60
,,galvin,jim,7,BLK:22 PLN:21 POS:09,MFV 03896,,1/8/2014 21:16,1/8/2014 23:31,2:14:50,,T59-B10,WT053-159,252.8,,,,,,252.8,,,,,,,,0.00,,,,,,,,0.00,0.00,,,,,,,,0.00,,,,,,,,0.00,0.00,,,,,,,,0.00,,,,,,,,0.00,0.00,,131,MFV 03896,BLK:22 PLN:21 POS:09,252.80
,,galvin,jim,8,BLK:22 PLN:21 POS:11,MFV 03877,,1/8/2014 22:04,1/9/2014 0:22,2:18:02,,T59-B10,WT053-159,251.3,,,,,,251.3,,,,,,,,0.00,,,,,,,,0.00,0.00,,,,,,,,0.00,,,,,,,,0.00,0.00,,,,,,,,0.00,,,,,,,,0.00,0.00,,132,MFV 03877,BLK:22 PLN:21 POS:11,251.30
,,galvin,jim,2,BLK:22 PLN:23 POS:00,MFV 01175,,1/9/2014 0:28,1/9/2014 2:53,2:24:39,,T59-B10,WT053-159,250.8,,,,,,250.8,,,,,,,,0.00,,,,,,,,0.00,0.00,,,,,,,,0.00,,,,,,,,0.00,0.00,,,,,,,,0.00,,,,,,,,0.00,0.00,,133,MFV 01175,BLK:22 PLN:23 POS:00,250.80
,,galvin,jim,3,BLK:22 PLN:23 POS:02,MFV 09818,,1/9/2014 0:47,1/9/2014 3:06,2:18:58,,T59-B10,WT053-159,248.9,,,,,,248.9,,,,,,,,0.00,,,,,,,,0.00,0.00,,,,,,,,0.00,,,,,,,,0.00,0.00,,,,,,,,0.00,,,,,,,,0.00,0.00,,134,MFV 09818,BLK:22 PLN:23 POS:02,248.90
,,galvin,jim,4,BLK:22 PLN:23 POS:04,MFV 08636,,1/9/2014 1:18,1/9/2014 7:54,6:35:52,,T59-B10,WT053-159,249.3,,,,,,249.3,,,,,,,,0.00,,,,,,,,0.00,0.00,,,,,,,,0.00,,,,,,,,0.00,0.00,,,,,,,,0.00,,,,,,,,0.00,0.00,,135,MFV 08636,BLK:22 PLN:23 POS:04,249.30
,,galvin,jim,6,BLK:22 PLN:23 POS:06,MFV 09756,,1/9/2014 1:03,1/9/2014 7:42,6:39:16,,T59-B10,WT053-159,237.1,,,,,,237.1,,,,,,,,0.00,,,,,,,,0.00,0.00,,,,,,,,0.00,,,,,,,,0.00,0.00,,,,,,,,0.00,,,,,,,,0.00,0.00,,136,MFV 09756,BLK:22 PLN:23 POS:06,237.10
,,galvin,jim,7,BLK:22 PLN:23 POS:08,MFV 08632,,1/8/2014 23:31,1/9/2014 1:44,2:13:07,,T59-B10,WT053-159,249.3,,,,,,249.3,,,,,,,,0.00,,,,,,,,0.00,0.00,,,,,,,,0.00,,,,,,,,0.00,0.00,,,,,,,,0.00,,,,,,,,0.00,0.00,,137,MFV 08632,BLK:22 PLN:23 POS:08,249.30
,,galvin,jim,8,BLK:22 PLN:23 POS:10,MFV 00767,,1/9/2014 0:24,1/9/2014 2:46,2:21:53,,T59-B10,WT053-159,250.5,,,,,,250.5,,,,,,,,0.00,,,,,,,,0.00,0.00,,,,,,,,0.00,,,,,,,,0.00,0.00,,,,,,,,0.00,,,,,,,,0.00,0.00,,138,MFV 00767,BLK:22 PLN:23 POS:10,250.50
,,galvin,jim,2,BLK:22 PLN:23 POS:01,MFV 09779,,1/9/2014 2:53,1/9/2014 10:47,7:53:54,,T59-B10,WT053-159,181.1,swap,T59-B10,WT-166:S055,68.1,1 hr delay prime pump,249.2,,,,,,,,0.00,,,,,,,,0.00,0.00,,,,,,,,0.00,,,,,,,,0.00,0.00,,,,,,,,0.00,,,,,,,,0.00,0.00,,139,MFV 09779,BLK:22 PLN:23 POS:01,249.20
,,galvin,jim,3,BLK:22 PLN:23 POS:03,MFV 08595,,1/9/2014 3:07,1/9/2014 10:53,7:46:25,,T59-B10,WT053-159,173.3,swap,T59-B10,WT-166:S055,78.8,1 hr delay prime pump,252.1,,,,,,,,0.00,,,,,,,,0.00,0.00,,,,,,,,0.00,,,,,,,,0.00,0.00,,,,,,,,0.00,,,,,,,,0.00,0.00,,140,MFV 08595,BLK:22 PLN:23 POS:03,252.10
,,galvin,jim,7,BLK:22 PLN:23 POS:09,MFV 03785,,1/9/2014 1:45,1/9/2014 8:22,6:37:03,,T59-B10,WT053-159,250.6,swap,T59-B10,,,1 hr delay prime pump,250.6,,,,,,,,0.00,,,,,,,,0.00,0.00,,,,,,,,0.00,,,,,,,,0.00,0.00,,,,,,,,0.00,,,,,,,,0.00,0.00,,141,MFV 03785,BLK:22 PLN:23 POS:09,250.60
,,galvin,jim,8,BLK:22 PLN:23 POS:11,MFV 09783,,1/9/2014 2:46,1/9/2014 10:22,7:36:25,,T59-B10,WT053-159,195.8,swap,T59-B10,WT-166:S055,52.6,1 hr delay prime pump,248.4,,,,,,,,0.00,,,,,,,,0.00,0.00,,,,,,,,0.00,,,,,,,,0.00,0.00,,,,,,,,0.00,,,,,,,,0.00,0.00,,142,MFV 09783,BLK:22 PLN:23 POS:11,248.40
T59-B10,WT-116:SO59,larry,don,4,BLK:22 PLN:23 POS:05,MFV 08648,107.5,1/9/2014 7:54,1/9/2014 11:56,4:01:14,,T59-B10,WT-166:SO55,142.4,1 hr delay cold,,,,,249.9,,,,,,,,0.00,,,,,,,,0.00,0.00,,,,,,,,0.00,,,,,,,,0.00,0.00,,,,,,,,0.00,,,,,,,,0.00,0.00,,143,MFV 08648,BLK:22 PLN:23 POS:05,249.90
T59-B10,WT-116:SO59,larry,don,6,BLK:22 PLN:23 POS:07,MFV 09799,130.1,1/9/2014 7:43,1/9/2014 11:18,3:34:51,,T59-B10,WT-166:SO55,120.4,1 hr delay cold,,,,,250.5,,,,,,,,0.00,,,,,,,,0.00,0.00,,,,,,,,0.00,,,,,,,,0.00,0.00,,,,,,,,0.00,,,,,,,,0.00,0.00,,144,MFV 09799,BLK:22 PLN:23 POS:07,250.50
T59-B10,WT-116:SO59,larry,don,2,BLK:22 PLN:25 POS:00,MFV 09766,0.3,1/9/2014 10:48,1/9/2014 13:37,2:49:19,,T59-B10,WT-166:SO55,247.3,1 hr delay cold,oil,,,,247.6,,,,,,,,0.00,,,,,,,,0.00,0.00,,,,,,,,0.00,,,,,,,,0.00,0.00,,,,,,,,0.00,,,,,,,,0.00,0.00,,145,MFV 09766,BLK:22 PLN:25 POS:00,247.60
T59-B10,WT-116:SO59,larry,don,3,BLK:22 PLN:25 POS:02,MFV 09814,,1/9/2014 10:54,1/9/2014 13:39,2:45:23,,T59-B10,WT-166:SO55,248.9,1 hr delay cold,,,,,248.9,,,,,,,,0.00,,,,,,,,0.00,0.00,,,,,,,,0.00,,,,,,,,0.00,0.00,,,,,,,,0.00,,,,,,,,0.00,0.00,,146,MFV 09814,BLK:22 PLN:25 POS:02,248.90
T59-B10,WT-116:SO59,larry,don,7,BLK:22 PLN:25 POS:08,MFV 01173,61.9,1/9/2014 8:23,1/9/2014 12:13,3:50:24,,T59-B10,WT-166:SO55,190.7,1 hr delay cold,,,,,252.6,,,,,,,,0.00,,,,,,,,0.00,0.00,,,,,,,,0.00,,,,,,,,0.00,0.00,,,,,,,,0.00,,,,,,,,0.00,0.00,,147,MFV 01173,BLK:22 PLN:25 POS:08,252.60
T59-B10,WT-116:SO59,larry,don,8,BLK:22 PLN:25 POS:10,MFV 09697,0.6,1/9/2014 10:37,1/9/2014 13:20,2:43:48,,T59-B10,WT-166:SO55,251.4,1 hr delay cold,,,,,252,,,,,,,,0.00,,,,,,,,0.00,0.00,,,,,,,,0.00,,,,,,,,0.00,0.00,,,,,,,,0.00,,,,,,,,0.00,0.00,,148,MFV 09697,BLK:22 PLN:25 POS:10,252.00
T59-B10,WT-116:SO59,larry,don,2,BLK:22 PLN:25 POS:01,MFV 01172,,1/9/2014 13:38,1/9/2014 16:00,2:21:56,,T59-B10,WT-166:SO55,251.5,delay cold oil,,,,,251.5,,,,,,,,0.00,,,,,,,,0.00,0.00,,,,,,,,0.00,,,,,,,,0.00,0.00,,,,,,,,0.00,,,,,,,,0.00,0.00,,149,MFV 01172,BLK:22 PLN:25 POS:01,251.50
T59-B10,WT-116:SO59,larry,don,3,BLK:22 PLN:25 POS:03,MFV 09813,,1/9/2014 13:40,1/9/2014 15:59,2:19:08,,T59-B10,WT-166:SO55,248.6,delay cold oil,,,,,248.6,,,,,,,,0.00,,,,,,,,0.00,0.00,,,,,,,,0.00,,,,,,,,0.00,0.00,,,,,,,,0.00,,,,,,,,0.00,0.00,,150,MFV 09813,BLK:22 PLN:25 POS:03,248.60
T59-B10,WT-116:SO59,larry,don,4,BLK:22 PLN:25 POS:04,MFV 09815,,1/9/2014 11:56,1/9/2014 14:17,2:21:00,,T59-B10,WT-166:SO55,249.5,delay cold oil,,,,,249.5,,,,,,,,0.00,,,,,,,,0.00,0.00,,,,,,,,0.00,,,,,,,,0.00,0.00,,,,,,,,0.00,,,,,,,,0.00,0.00,,151,MFV 09815,BLK:22 PLN:25 POS:04,249.50
T59-B10,WT-116:SO59,larry,don,6,BLK:22 PLN:25 POS:06,MFV 09786,,1/9/2014 11:18,1/9/2014 14:03,2:45:02,,T59-B10,WT-166:SO55,249.2,delay cold oil,,,,,249.2,,,,,,,,0.00,,,,,,,,0.00,0.00,,,,,,,,0.00,,,,,,,,0.00,0.00,,,,,,,,0.00,,,,,,,,0.00,0.00,,152,MFV 09786,BLK:22 PLN:25 POS:06,249.20
T59-B10,WT-116:SO59,larry,don,7,BLK:22 PLN:25 POS:09,MFV 01174,,1/9/2014 12:15,1/9/2014 14:31,2:16:12,,T59-B10,WT-166:SO55,253.1,delay cold oil,,,,,253.1,,,,,,,,0.00,,,,,,,,0.00,0.00,,,,,,,,0.00,,,,,,,,0.00,0.00,,,,,,,,0.00,,,,,,,,0.00,0.00,,153,MFV 01174,BLK:22 PLN:25 POS:09,253.10
T59-B10,WT-116:SO59,larry,don,8,BLK:22 PLN:25 POS:11,MFV 08323,,1/9/2014 13:21,1/9/2014 15:39,2:17:50,,T59-B10,WT-166:SO55,246.7,delay cold oil,,,,,246.7,,,,,,,,0.00,,,,,,,,0.00,0.00,,,,,,,,0.00,,,,,,,,0.00,0.00,,,,,,,,0.00,,,,,,,,0.00,0.00,,154,MFV 08323,BLK:22 PLN:25 POS:11,246.70
T59-B10,WT-116:SO59,larry,don,4,BLK:22 PLN:25 POS:05,MFV 01185,,1/9/2014 14:18,1/9/2014 16:39,2:21:41,,T59-B10,WT-166:SO55,252.1,,,,,,252.1,,,,,,,,0.00,,,,,,,,0.00,0.00,,,,,,,,0.00,,,,,,,,0.00,0.00,,,,,,,,0.00,,,,,,,,0.00,0.00,,155,MFV 01185,BLK:22 PLN:25 POS:05,252.10
T59-B10,WT-116:SO59,larry,don,6,BLK:22 PLN:25 POS:07,MFV 01181,,1/9/2014 14:04,1/9/2014 16:27,2:23:17,,T59-B10,WT-166:SO55,253.8,,,,,,253.8,,,,,,,,0.00,,,,,,,,0.00,0.00,,,,,,,,0.00,,,,,,,,0.00,0.00,,,,,,,,0.00,,,,,,,,0.00,0.00,,156,MFV 01181,BLK:22 PLN:25 POS:07,253.80
T59-B10,WT-116:SO59,larry,don,2,BLK:22 PLN:27 POS:00,MFV 09780,,1/9/2014 16:01,1/9/2014 18:41,2:40:21,,T59-B10,WT-166:SO55,248.6,,,,,,248.6,,,,,,,,0.00,,,,,,,,0.00,0.00,,,,,,,,0.00,,,,,,,,0.00,0.00,,,,,,,,0.00,,,,,,,,0.00,0.00,,157,MFV 09780,BLK:22 PLN:27 POS:00,248.60
T59-B10,WT-116:SO59,larry,don,3,BLK:22 PLN:27 POS:02,MFV 09796,,1/9/2014 16:00,1/9/2014 18:40,2:40:28,,T59-B10,WT-166:SO55,248.6,,,,,,248.6,,,,,,,,0.00,,,,,,,,0.00,0.00,,,,,,,,0.00,,,,,,,,0.00,0.00,,,,,,,,0.00,,,,,,,,0.00,0.00,,158,MFV 09796,BLK:22 PLN:27 POS:02,248.60
T59-B10,WT-116:SO59,larry,don,7,BLK:22 PLN:27 POS:08,MFV 08969,,1/9/2014 14:32,1/9/2014 17:10,2:37:56,,T59-B10,WT-166:SO55,250.1,,,,,,250.1,,,,,,,,0.00,,,,,,,,0.00,0.00,,,,,,,,0.00,,,,,,,,0.00,0.00,,,,,,,,0.00,,,,,,,,0.00,0.00,,159,MFV 08969,BLK:22 PLN:27 POS:08,250.10
T59-B10,WT-116:SO59,larry,don,8,BLK:22 PLN:27 POS:10,MFV 09065,,1/9/2014 15:40,1/9/2014 18:23,2:42:58,,T59-B10,WT-166:SO55,248.7,,,,,,248.7,,,,,,,,0.00,,,,,,,,0.00,0.00,,,,,,,,0.00,,,,,,,,0.00,0.00,,,,,,,,0.00,,,,,,,,0.00,0.00,,160,MFV 09065,BLK:22 PLN:27 POS:10,248.70
,,larry,don,4,BLK:22 PLN:27 POS:04,MFV 09793,,1/9/2014 16:40,1/9/2014 19:21,2:41:01,,T59-B10,WT-166:SO55,249.5,,,,,,249.5,,,,,,,,0.00,,,,,,,,0.00,0.00,,,,,,,,0.00,,,,,,,,0.00,0.00,,,,,,,,0.00,,,,,,,,0.00,0.00,,161,MFV 09793,BLK:22 PLN:27 POS:04,249.50
,,larry,don,6,BLK:22 PLN:27 POS:06,MFV 09755,,1/9/2014 16:28,1/9/2014 19:11,2:42:50,,T59-B10,WT-166:SO55,248.9,,,,,,248.9,,,,,,,,0.00,,,,,,,,0.00,0.00,,,,,,,,0.00,,,,,,,,0.00,0.00,,,,,,,,0.00,,,,,,,,0.00,0.00,,162,MFV 09755,BLK:22 PLN:27 POS:06,248.90
T59-B10,WT-166:S055,galvin,jim,2,BLK:22 PLN:27 POS:01,MFV 09023,250,1/9/2014 18:42,1/10/2014 15:02,20:19:54,,,,,,,,,,250,,,,,,,,0.00,,,,,,,,0.00,0.00,,,,,,,,0.00,,,,,,,,0.00,0.00,,,,,,,,0.00,,,,,,,,0.00,0.00,,163,MFV 09023,BLK:22 PLN:27 POS:01,250.00
T59-B10,WT-166:S055,galvin,jim,3,BLK:22 PLN:27 POS:03,MFV 08911,249,1/9/2014 18:41,1/10/2014 15:00,20:19:37,,,,,,,,,,249,,,,,,,,0.00,,,,,,,,0.00,0.00,,,,,,,,0.00,,,,,,,,0.00,0.00,,,,,,,,0.00,,,,,,,,0.00,0.00,,164,MFV 08911,BLK:22 PLN:27 POS:03,249.00
T59-B10,WT-166:S055,galvin,jim,4,BLK:22 PLN:27 POS:05,MFV 08865,251,1/9/2014 19:21,1/10/2014 13:33,18:11:14,,,,,,,,,,251,,,,,,,,0.00,,,,,,,,0.00,0.00,,,,,,,,0.00,,,,,,,,0.00,0.00,,,,,,,,0.00,,,,,,,,0.00,0.00,,165,MFV 08865,BLK:22 PLN:27 POS:05,251.00
T59-B10,WT-166:S055,galvin,jim,6,BLK:22 PLN:27 POS:07,MFV 09792,249.9,1/9/2014 19:11,1/10/2014 13:18,18:07:07,,,,,,,,,,249.9,,,,,,,,0.00,,,,,,,,0.00,0.00,,,,,,,,0.00,,,,,,,,0.00,0.00,,,,,,,,0.00,,,,,,,,0.00,0.00,,166,MFV 09792,BLK:22 PLN:27 POS:07,249.90
T59-B10,WT-166:S055,galvin,jim,7,BLK:22 PLN:27 POS:09,MFV 09013,248.8,1/9/2014 17:11,1/9/2014 19:23,2:11:59,,,,,,,,,,248.8,,,,,,,,0.00,,,,,,,,0.00,0.00,,,,,,,,0.00,,,,,,,,0.00,0.00,,,,,,,,0.00,,,,,,,,0.00,0.00,,167,MFV 09013,BLK:22 PLN:27 POS:09,248.80
T59-B10,WT-166:S055,galvin,jim,8,BLK:22 PLN:27 POS:11,MFV 08324,249,1/9/2014 18:23,1/10/2014 14:46,20:22:42,,,,,,,,,,249,,,,,,,,0.00,,,,,,,,0.00,0.00,,,,,,,,0.00,,,,,,,,0.00,0.00,,,,,,,,0.00,,,,,,,,0.00,0.00,,168,MFV 08324,BLK:22 PLN:27 POS:11,249.00
T59-B10,WT-166:S055,galvin,jim,2,BLK:22 PLN:29 POS:00,MFV 05429,30,1/10/2014 15:02,1/15/2014 9:29,114:27:40,swap,T059-B10,WT-169:SO52,217.5,,,,,,247.5,,,,,,,,0.00,,,,,,,,0.00,0.00,,,,,,,,0.00,,,,,,,,0.00,0.00,,,,,,,,0.00,,,,,,,,0.00,0.00,,169,MFV 05429,BLK:22 PLN:29 POS:00,247.50
T59-B10,WT-166:S055,galvin,jim,3,BLK:22 PLN:29 POS:02,MFV 09702,25,1/10/2014 15:00,1/15/2014 9:29,114:29:09,swap,T059-B10,WT-169:SO52,223.9,,,,,,248.9,,,,,,,,0.00,,,,,,,,0.00,0.00,,,,,,,,0.00,,,,,,,,0.00,0.00,,,,,,,,0.00,,,,,,,,0.00,0.00,,170,MFV 09702,BLK:22 PLN:29 POS:02,248.90
T59-B10,WT-166:S055,galvin,jim,4,BLK:22 PLN:29 POS:04,MFV 09753,20,1/10/2014 13:33,1/15/2014 9:29,115:56:46,swap,T059-B10,WT-169:SO52,226.2,,,,,,246.2,,,,,,,,0.00,,,,,,,,0.00,0.00,,,,,,,,0.00,,,,,,,,0.00,0.00,,,,,,,,0.00,,,,,,,,0.00,0.00,,171,MFV 09753,BLK:22 PLN:29 POS:04,246.20
T59-B10,WT-166:S055,galvin,jim,6,BLK:22 PLN:29 POS:06,MFV 00827,35,1/10/2014 13:18,1/15/2014 9:29,116:10:59,swap,T059-B10,WT-169:SO52,213,,,,,,248,,,,,,,,0.00,,,,,,,,0.00,0.00,,,,,,,,0.00,,,,,,,,0.00,0.00,,,,,,,,0.00,,,,,,,,0.00,0.00,,172,MFV 00827,BLK:22 PLN:29 POS:06,248.00
T59-B10,WT-166:S055,galvin,jim,7,BLK:22 PLN:29 POS:08,MFV 00334,136.8,1/9/2014 19:23,1/10/2014 13:27,18:04:26,swap,T059-B10,WT-169:SO52,112.8,,,,,,249.6,,,,,,,,0.00,,,,,,,,0.00,0.00,,,,,,,,0.00,,,,,,,,0.00,0.00,,,,,,,,0.00,,,,,,,,0.00,0.00,,173,MFV 05429,BLK:22 PLN:29 POS:00,249.60
T59-B10,WT-166:S055,galvin,jim,8,BLK:22 PLN:29 POS:10,MFV 08961,36,1/10/2014 14:46,1/15/2014 9:29,114:43:26,swap,T059-B10,WT-169:SO52,213.4,,,,,,249.4,,,,,,,,0.00,,,,,,,,0.00,0.00,,,,,,,,0.00,,,,,,,,0.00,0.00,,,,,,,,0.00,,,,,,,,0.00,0.00,,174,MFV 09702,BLK:22 PLN:29 POS:02,249.40
T059-B10,WT-169:SO52,larry,don,2,BLK:22 PLN:29 POS:01,MFV 09684,251.2,1/10/2014 15:03,1/13/2014 8:15,65:11:43,,,,,,,,,,251.2,,,,,,,,0.00,,,,,,,,0.00,0.00,,,,,,,,0.00,,,,,,,,0.00,0.00,,,,,,,,0.00,,,,,,,,0.00,0.00,,175,MFV 09753,BLK:22 PLN:29 POS:04,251.20
T059-B10,WT-169:SO52,larry,don,3,BLK:22 PLN:29 POS:03,MFV 09754,248.6,1/10/2014 15:01,1/13/2014 8:13,65:12:13,,,,,,,,,,248.6,,,,,,,,0.00,,,,,,,,0.00,0.00,,,,,,,,0.00,,,,,,,,0.00,0.00,,,,,,,,0.00,,,,,,,,0.00,0.00,,176,MFV 00827,BLK:22 PLN:29 POS:06,248.60
T059-B10,WT-169:SO52,larry,don,4,BLK:22 PLN:29 POS:05,MFV 09802,246.6,1/10/2014 13:34,1/10/2014 15:52,2:18:40,,,,,,,,,,246.6,,,,,,,,0.00,,,,,,,,0.00,0.00,,,,,,,,0.00,,,,,,,,0.00,0.00,,,,,,,,0.00,,,,,,,,0.00,0.00,,177,MFV 00334,BLK:22 PLN:29 POS:08,246.60
T059-B10,WT-169:SO52,larry,don,6,BLK:22 PLN:29 POS:07,MFV 09765,253.3,1/10/2014 13:19,1/10/2014 15:41,2:22:55,,,,,,,,,,253.3,,,,,,,,0.00,,,,,,,,0.00,0.00,,,,,,,,0.00,,,,,,,,0.00,0.00,,,,,,,,0.00,,,,,,,,0.00,0.00,,178,MFV 08961,BLK:22 PLN:29 POS:10,253.30
T059-B10,WT-169:SO52,larry,don,7,BLK:22 PLN:29 POS:09,MFV 09752,249.5,1/10/2014 13:29,1/10/2014 15:42,2:13:22,,,,,,,,,,249.5,,,,,,,,0.00,,,,,,,,0.00,0.00,,,,,,,,0.00,,,,,,,,0.00,0.00,,,,,,,,0.00,,,,,,,,0.00,0.00,,179,MFV 09684,BLK:22 PLN:29 POS:01,249.50
T059-B10,WT-169:SO52,larry,don,8,BLK:22 PLN:29 POS:11,MFV 05437,252.7,1/10/2014 14:47,1/10/2014 7:55,65:12:30,,,,,,,,,,252.7,,,,,,,,0.00,,,,,,,,0.00,0.00,,,,,,,,0.00,,,,,,,,0.00,0.00,,,,,,,,0.00,,,,,,,,0.00,0.00,,180,MFV 09754,BLK:22 PLN:29 POS:03,252.70
T059-B10,WT-169:SO52,larry,don,2,BLK:22 PLN:31 POS:00,MFV 04273,249.4,1/13/2014 8:15,1/13/2014 10:35,2:19:39,,,,,,,,,,249.4,,,,,,,,0.00,,,,,,,,0.00,0.00,,,,,,,,0.00,,,,,,,,0.00,0.00,,,,,,,,0.00,,,,,,,,0.00,0.00,,181,MFV 09802,BLK:22 PLN:29 POS:05,249.40
T059-B10,WT-169:SO52,larry,don,3,BLK:22 PLN:31 POS:02,MFV 09648,250.5,1/13/2014 8:14,1/13/2014 10:37,2:23:03,,,,,,,,,,250.5,,,,,,,,0.00,,,,,,,,0.00,0.00,,,,,,,,0.00,,,,,,,,0.00,0.00,,,,,,,,0.00,,,,,,,,0.00,0.00,,182,MFV 09765,BLK:22 PLN:29 POS:07,250.50
T059-B10,WT-169:SO52,larry,don,4,BLK:22 PLN:31 POS:04,MFV 05347,249.1,1/10/2014 15:53,1/13/2014 9:06,65:13:46,,,,,,,,,,249.1,,,,,,,,0.00,,,,,,,,0.00,0.00,,,,,,,,0.00,,,,,,,,0.00,0.00,,,,,,,,0.00,,,,,,,,0.00,0.00,,183,MFV 09752,BLK:22 PLN:29 POS:09,249.10
T059-B10,WT-169:SO52,larry,don,6,BLK:22 PLN:31 POS:06,MFV 00070,249.5,1/10/2014 15:42,1/13/2014 8:54,65:11:27,,,,,,,,,,249.5,,,,,,,,0.00,,,,,,,,0.00,0.00,,,,,,,,0.00,,,,,,,,0.00,0.00,,,,,,,,0.00,,,,,,,,0.00,0.00,,184,MFV 05437,BLK:22 PLN:29 POS:11,249.50
T059-B10,WT-169:SO52,larry,don,7,BLK:22 PLN:31 POS:08,MFV 05406,249.2,1/10/2014 15:43,1/13/2014 8:46,65:03:21,,,,,,,,,,249.2,,,,,,,,0.00,,,,,,,,0.00,0.00,,,,,,,,0.00,,,,,,,,0.00,0.00,,,,,,,,0.00,,,,,,,,0.00,0.00,,185,MFV 04273,BLK:22 PLN:31 POS:00,249.20
T059-B10,WT-169:SO52,larry,don,8,BLK:22 PLN:31 POS:10,MFV 04253,249,1/13/2014 7:58,1/13/2014 10:17,2:18:49,,,,,,,,,,249,,,,,,,,0.00,,,,,,,,0.00,0.00,,,,,,,,0.00,,,,,,,,0.00,0.00,,,,,,,,0.00,,,,,,,,0.00,0.00,,186,MFV 09648,BLK:22 PLN:31 POS:02,249.00
T059-B10,WT-169:SO52,larry,don,2,BLK:22 PLN:31 POS:01,MFV 09738,248.6,1/13/2014 10:36,1/13/2014 12:42,2:06:24,,,,,,,,,,248.6,,,,,,,,0.00,,,,,,,,0.00,0.00,,,,,,,,0.00,,,,,,,,0.00,0.00,,,,,,,,0.00,,,,,,,,0.00,0.00,,187,MFV 05347,BLK:22 PLN:31 POS:04,248.60
T059-B10,WT-169:SO52,larry,don,3,BLK:22 PLN:31 POS:03,MFV 09749,248.3,1/13/2014 10:37,1/13/2014 13:03,2:25:35,,,,,,,,,,248.3,,,,,,,,0.00,,,,,,,,0.00,0.00,,,,,,,,0.00,,,,,,,,0.00,0.00,,,,,,,,0.00,,,,,,,,0.00,0.00,,188,MFV 00070,BLK:22 PLN:31 POS:06,248.30
T059-B10,WT-169:SO52,larry,don,4,BLK:22 PLN:31 POS:05,MFV 05306,252.1,1/13/2014 9:07,1/13/2014 11:26,2:18:48,,,,,,,,,,252.1,,,,,,,,0.00,,,,,,,,0.00,0.00,,,,,,,,0.00,,,,,,,,0.00,0.00,,,,,,,,0.00,,,,,,,,0.00,0.00,,189,MFV 05406,BLK:22 PLN:31 POS:08,252.10
T059-B10,WT-169:SO52,larry,don,6,BLK:22 PLN:31 POS:07,MFV 00200,252.4,1/13/2014 8:54,1/13/2014 11:24,2:29:28,,,,,,,,,,252.4,,,,,,,,0.00,,,,,,,,0.00,0.00,,,,,,,,0.00,,,,,,,,0.00,0.00,,,,,,,,0.00,,,,,,,,0.00,0.00,,190,MFV 04253,BLK:22 PLN:31 POS:10,252.40
T059-B10,WT-169:SO52,larry,don,7,BLK:22 PLN:31 POS:09,MFV 05481,250,1/13/2014 8:47,1/13/2014 11:01,2:13:41,,,,,,,,,,250,,,,,,,,0.00,,,,,,,,0.00,0.00,,,,,,,,0.00,,,,,,,,0.00,0.00,,,,,,,,0.00,,,,,,,,0.00,0.00,,191,MFV 09738,BLK:22 PLN:31 POS:01,250.00
T059-B10,WT-169:SO52,larry,don,8,BLK:22 PLN:31 POS:11,MFV 03545,249.4,1/13/2014 10:18,1/13/2014 12:27,2:09:37,,,,,,,,,,249.4,,,,,,,,0.00,,,,,,,,0.00,0.00,,,,,,,,0.00,,,,,,,,0.00,0.00,,,,,,,,0.00,,,,,,,,0.00,0.00,,192,MFV 09749,BLK:22 PLN:31 POS:03,249.40
,,,,,,,,,,,,,,,,,,,,,,,,,,,,,,,,,,,,,,,,,,,,,,,,,,,,,,,,,,,,,,,,,,,,,,,,,,,Total,48016.40
,,,,,,,,,,,,,,,,,,,,,,,,,,,,,,,,,,,,,,,,,,,,,,,,,,,,,,,,,,,,,,,,,,,,,,,,,,,Average,250.09
,,,,,,,,,,,,,,,,,,,,,,,,,,,,,,,,,,,,,,,,,,,,,,,,,,,,,,,,,,,,,,,,,,,,,,,,,,,RMS,3.3384631121
