Fill 1: Scint. Batch,Fill 1: Tanker ID,Fill 1: Tech 1,Fill 1: Tech 2,Fill 1: Mach ID,Fill 1: Module Position,Fill 1: Module ID,Fill 1: Amount from 1st Tanker (gal),Fill 1: Start Time,Fill 1: End Time,Fill 1: Fill Time,Fill 1: Comments,Fill 1: 2nd Tanker Batch,Fill 1: 2nd Tanker,Fill 1: Amount from 2nd Tanker (gal),Fill 1: Total(gal),Fill 2: Scint. Batch,Fill 2: Tanker ID,Fill 2: Tech 1,Fill 2: Tech 2,Fill 2: Mach ID,Fill 2: Module Position,Fill 2: Module ID,Fill 2: Amount from 1st Tanker (gal),Fill 2: Start Time,Fill 2: End Time,Fill 2: Fill Time,Fill 2: Comments,Fill 2: 2nd Tanker Batch,Fill 2: 2nd Tanker,Fill 2: Amount from 2nd Tanker (gal),Fill 2: Total (gal),Fill 3: Scint. Batch,Fill 3: Tanker ID,Fill 3: Tech 1,Fill 3: Tech 2,Fill 3: Mach ID,Fill 3: Module Position,Fill 3: Module ID,Fill 3: Amout from 1st Tanker (gal),Fill 3: Start Time,Fill 3: End Time,Fill 3: Fill Time,Fill 3: Comments,Fill 3: 2nd Tanker Batch,Fill 3: 2nd Tanker,Fill 3: Amount from 2nd Tanker (gal),Fill 3: Total(gal),Fill 4: Scint. Batch,Fill 4: Tanker ID,Fill 4: Tech 1,Fill 4: Tech 2,Fill 4: Mach ID,Fill 4: Module Position,Fill 4: Module ID,Fill 4: Amount from 1st Tanker (gal),Fill 4: Start Time,Fill 4: End Time,Fill 4: Fill Time,Fill 4: Comments,Fill 4: 2nd Tanker Batch,Fill 4: 2nd Tanker,Fill 4: Amount from 2nd Tanker (gal),Fill 4: Total (gal),,No. Modules,Module ID,Module Position,Total Fill,
,,,,,,,,,,,,,,,,,,,,,,,,,,,,,,,,,,,,,,,,,,,,,,,,,,,,,,,,,,,,,,,,,,,,,
,,,,,,,,,,,,,,,,,,,,,,,,,,,,,,,,,,,,,,,,,,,,,,,,,,,,,,,,,,,,,,,,,,,,,
,,,,,,,,,,,,,,,,,,,,,,,,,,,,,,,,,,,,,,,,,,,,,,,,,,,,,,,,,,,,,,,,,,,,,
,,,,,,,,,,,,,,,,,,,,,,,,,,,,,,,,,,,,,,,,,,,,,,,,,,,,,,,,,,,,,,,,,,,,,
T059-B02,WT-164:S010,daniel,jason,1,BLK:04 PLN:30 POS:00,MFV 01906,245.10,3/26/2013 8:18,3/26/2013 10:09,1:51:03,,,,,245.10,T064-B03,WT-164:S013,jason,tommy,1,BLK:04 PLN:30 POS:00,MFV 01906,2.50,4/10/2013 23:50,4/10/2013 23:55,0:04:51,,,,,2.50,,,,,,,,,,,,,,,0.00,0.00,,,,,,,,0.00,,,,,,,0.00,0.00,,1,MFV 01906,BLK:04 PLN:30 POS:00,247.60,
T059-B02,WT-164:S010,daniel,jason,11,BLK:04 PLN:26 POS:00,MFV 03665,245.50,3/26/2013 8:18,3/26/2013 9:58,1:40:02,,,,,245.50,T064-B03,WT-164:S013,jason,tommy,1,BLK:04 PLN:26 POS:00,MFV 03665,4.80,4/10/2013 23:30,4/10/2013 23:39,0:08:43,,,,,4.80,,,,,,,,,,,,,,,0.00,0.00,,,,,,,,0.00,,,,,,,0.00,0.00,,2,MFV 03665,BLK:04 PLN:26 POS:00,250.30,
T059-B02,WT-164:S010,daniel,jason,3,BLK:04 PLN:22 POS:00,MFV 02831,245.30,3/26/2013 8:18,3/26/2013 10:05,1:46:59,,,,,245.30,T064-B03,WT-164:S013,jason,tommy,1,BLK:04 PLN:22 POS:00,MFV 02831,3.40,4/10/2013 23:16,4/10/2013 23:23,0:07:21,,,,,3.40,,,,,,,,,,,,,,,0.00,0.00,,,,,,,,0.00,,,,,,,0.00,0.00,,3,MFV 02831,BLK:04 PLN:22 POS:00,248.70,
T059-B02,WT-164:S010,daniel,jason,4,BLK:04 PLN:18 POS:00,MFV 01975,246.30,3/26/2013 8:18,3/26/2013 10:08,1:50:08,,,,,246.30,T064-B03,WT-164:S013,jason,tommy,1,BLK:04 PLN:18 POS:00,MFV 01975,5.10,4/10/2013 22:56,4/10/2013 23:07,0:11:06,,,,,5.10,,,,,,,,,,,,,,,0.00,0.00,,,,,,,,0.00,,,,,,,0.00,0.00,,4,MFV 01975,BLK:04 PLN:18 POS:00,251.40,
T059-B02,WT-164:S010,daniel,jason,7,BLK:04 PLN:14 POS:00,MFV 04509,243.50,3/26/2013 8:19,3/26/2013 10:02,1:42:44,,,,,243.50,T064-B03,WT-164:S013,jason,tommy,4,BLK:04 PLN:14 POS:00,MFV 04509,3.30,4/10/2013 23:53,4/10/2013 23:59,0:06:32,,,,,3.30,T64-B13,WT163:S066,Larry,Brent,9,BLK:04 PLN:14 POS:00,MFV 04509,1.3,5/29/2014 7:05,5/29/2014 7:12,0:06:51,full,,,0.00,1.30,,,,,,,,0.00,,,,,,,0.00,0.00,,5,MFV 04509,BLK:04 PLN:14 POS:00,248.10,
T059-B02,WT-164:S010,daniel,jason,8,BLK:04 PLN:10 POS:00,MFV 02698,243.30,3/26/2013 8:19,3/26/2013 10:02,1:42:43,,,,,243.30,T064-B03,WT-164:S013,jason,tommy,4,BLK:04 PLN:10 POS:00,MFV 02698,7.20,4/10/2013 23:31,4/10/2013 23:43,0:12:51,,,,,7.20,,,,,,,,,,,,,,,0.00,0.00,,,,,,,,0.00,,,,,,,0.00,0.00,,6,MFV 02698,BLK:04 PLN:10 POS:00,250.50,
T059-B02,WT-164:S010,daniel,jason,9,BLK:04 PLN:06 POS:00,MFV 04527,245.20,3/26/2013 8:19,3/26/2013 10:02,1:42:44,,,,,245.20,T064-B03,WT-164:S013,jason,tommy,4,BLK:04 PLN:06 POS:00,MFV 04527,4.60,4/10/2013 23:14,4/10/2013 23:23,0:09:14,,,,,4.60,,,,,,,,,,,,,,,0.00,0.00,,,,,,,,0.00,,,,,,,0.00,0.00,,7,MFV 04527,BLK:04 PLN:06 POS:00,249.80,
T059-B02,WT-164:S010,daniel,jason,10,BLK:04 PLN:02 POS:00,MFV 04562,243.80,3/26/2013 8:19,3/26/2013 10:02,1:42:18,,,,,243.80,T064-B03,WT-164:S013,jason,tommy,4,BLK:04 PLN:02 POS:00,MFV 04562,5.90,4/10/2013 22:56,4/10/2013 23:07,0:11:09,,,,,5.90,,,,,,,,,,,,,,,0.00,0.00,,,,,,,,0.00,,,,,,,0.00,0.00,,8,MFV 04562,BLK:04 PLN:02 POS:00,249.70,
T059-B02,WT-164:S010,daniel,jason,1,BLK:04 PLN:28 POS:00,MFV 01640,168.90,3/26/2013 10:09,3/26/2013 12:49,2:40:14,Tanker Swap,T059-B02,WT-163:S012,75.70,244.60,T064-B03,WT-164:S013,jason,tommy,1,BLK:04 PLN:28 POS:00,MFV 01640,5.40,4/10/2013 23:39,4/10/2013 23:50,0:10:40,,,,,5.40,,,,,,,,,,,,,,,0.00,0.00,,,,,,,,0.00,,,,,,,0.00,0.00,,9,MFV 01640,BLK:04 PLN:28 POS:00,250.00,
T059-B02,WT-164:S010,daniel,jason,11,BLK:04 PLN:24 POS:00,MFV 01922,214.40,3/26/2013 10:01,3/26/2013 12:33,2:32:08,Tanker Swap,T059-B02,WT-163:S012,34.10,248.50,T064-B03,WT-164:S013,jason,tommy,1,BLK:04 PLN:24 POS:00,MFV 01922,2.40,4/10/2013 23:23,4/10/2013 23:30,0:06:50,,,,,2.40,,,,,,,,,,,,,,,0.00,0.00,,,,,,,,0.00,,,,,,,0.00,0.00,,10,MFV 01922,BLK:04 PLN:24 POS:00,250.90,
T059-B02,WT-164:S010,daniel,jason,3,BLK:04 PLN:20 POS:00,MFV 01733,186.30,3/26/2013 10:05,3/26/2013 12:40,2:35:07,Tanker Swap,T059-B02,WT-163:S012,58.30,244.60,T064-B03,WT-164:S013,jason,tommy,1,BLK:04 PLN:20 POS:00,MFV 01733,4.60,4/10/2013 23:07,4/10/2013 23:15,0:08:03,,,,,4.60,,,,,,,,,,,,,,,0.00,0.00,,,,,,,,0.00,,,,,,,0.00,0.00,,11,MFV 01733,BLK:04 PLN:20 POS:00,249.20,
T059-B02,WT-164:S010,daniel,jason,4,BLK:04 PLN:16 POS:00,MFV 02742,172.40,3/26/2013 10:08,3/26/2013 12:47,2:39:09,Tanker Swap,T059-B02,WT-163:S012,72.00,244.40,T064-B03,WT-164:S013,jason,tommy,1,BLK:04 PLN:16 POS:00,MFV 02742,4.00,4/10/2013 22:48,4/10/2013 22:56,0:07:45,,,,,4.00,,,,,,,,,,,,,,,0.00,0.00,,,,,,,,0.00,,,,,,,0.00,0.00,,12,MFV 02742,BLK:04 PLN:16 POS:00,248.40,
T059-B02,WT-164:S010,daniel,jason,7,BLK:04 PLN:12 POS:00,MFV 01900,198.30,3/26/2013 10:02,3/26/2013 12:36,2:33:18,Tanker Swap,T059-B02,WT-163:S012,45.40,243.70,T064-B03,WT-164:S013,jason,tommy,4,BLK:04 PLN:12 POS:00,MFV 01900,4.90,4/10/2013 23:44,4/10/2013 23:53,0:08:57,,,,,4.90,,,,,,,,,,,,,,,0.00,0.00,,,,,,,,0.00,,,,,,,0.00,0.00,,13,MFV 01900,BLK:04 PLN:12 POS:00,248.60,
T059-B02,WT-164:S010,daniel,jason,8,BLK:04 PLN:08 POS:00,MFV 02721,196.30,3/26/2013 10:02,3/26/2013 12:37,2:35:09,Tanker Swap,T059-B02,WT-163:S012,47.70,244.00,T064-B03,WT-164:S013,jason,tommy,4,BLK:04 PLN:08 POS:00,MFV 02721,3.40,4/10/2013 23:23,4/10/2013 23:30,0:06:50,,,,,3.40,,,,,,,,,,,,,,,0.00,0.00,,,,,,,,0.00,,,,,,,0.00,0.00,,14,MFV 02721,BLK:04 PLN:08 POS:00,247.40,
T059-B02,WT-164:S010,daniel,jason,9,BLK:04 PLN:04 POS:00,MFV 02820,196.60,3/26/2013 10:02,3/26/2013 12:37,2:35:17,Tanker Swap,T059-B02,WT-163:S012,48.10,244.70,T064-B03,WT-164:S013,jason,tommy,4,BLK:04 PLN:04 POS:00,MFV 02820,2.40,4/10/2013 23:07,4/10/2013 23:14,0:06:10,,,,,2.40,,,,,,,,,,,,,,,0.00,0.00,,,,,,,,0.00,,,,,,,0.00,0.00,,15,MFV 02820,BLK:04 PLN:04 POS:00,247.10,
T059-B02,WT-164:S010,daniel,jason,10,BLK:04 PLN:00 POS:00,MFV 02074,193.80,3/26/2013 10:02,3/26/2013 12:39,2:36:47,Tanker Swap,T059-B02,WT-163:S012,50.80,244.60,T064-B03,WT-164:S013,jason,tommy,4,BLK:04 PLN:00 POS:00,MFV 02074,4.00,4/10/2013 22:48,4/10/2013 22:56,0:07:45,,,,,4.00,T64-B13,WT163:S066,Larry,Brent,9,BLK:04 PLN:00 POS:00,MFV 02074,0.1,5/29/2014 7:00,5/29/2014 7:02,0:02:03,full,,,0.00,0.10,,,,,,,,0.00,,,,,,,0.00,0.00,,16,MFV 02074,BLK:04 PLN:00 POS:00,248.70,
T059-B02,WT-163:S012,daniel,jason,1,BLK:04 PLN:30 POS:01,MFV 02730,247.60,3/26/2013 12:50,3/26/2013 14:42,1:52:42,,,,,247.60,T064-B03,WT-164:S013,jason,tommy,1,BLK:04 PLN:30 POS:01,MFV 02730,4.30,4/10/2013 22:32,4/10/2013 22:48,0:15:07,,,,,4.30,,,,,,,,,,,,,,,0.00,0.00,,,,,,,,0.00,,,,,,,0.00,0.00,,17,MFV 02730,BLK:04 PLN:30 POS:01,251.90,
T059-B02,WT-163:S012,daniel,jason,11,BLK:04 PLN:26 POS:01,MFV 01674,247.70,3/26/2013 12:34,3/26/2013 14:15,1:40:41,,,,,247.70,T064-B03,WT-164:S013,jason,tommy,1,BLK:04 PLN:26 POS:01,MFV 01674,5.50,4/10/2013 22:11,4/10/2013 22:22,0:10:51,,,,,5.50,T64-B13,WT163:S066,Larry,Brent,9,BLK:04 PLN:26 POS:01,MFV 01674,0.2,5/28/2014 16:08,5/28/2014 16:12,0:04:28,"1/2""",,,0.00,0.20,,,,,,,,0.00,,,,,,,0.00,0.00,,18,MFV 01674,BLK:04 PLN:26 POS:01,253.40,
T059-B02,WT-163:S012,daniel,jason,3,BLK:04 PLN:22 POS:01,MFV 01945,246.00,3/26/2013 12:41,3/26/2013 14:27,1:46:22,,,,,246.00,T064-B03,WT-164:S013,jason,tommy,1,BLK:04 PLN:22 POS:01,MFV 01945,3.60,4/10/2013 21:53,4/10/2013 22:04,0:10:59,,,,,3.60,,,,,,,,,,,,,,,0.00,0.00,,,,,,,,0.00,,,,,,,0.00,0.00,,19,MFV 01945,BLK:04 PLN:22 POS:01,249.60,
T059-B02,WT-163:S012,daniel,jason,4,BLK:04 PLN:18 POS:01,MFV 01911,248.00,3/26/2013 12:48,3/26/2013 14:40,1:51:47,,,,,248.00,T064-B03,WT-164:S013,jason,tommy,1,BLK:04 PLN:18 POS:01,MFV 01911,4.10,4/10/2013 21:27,4/10/2013 21:38,0:11:08,,,,,4.10,,,,,,,,,,,,,,,0.00,0.00,,,,,,,,0.00,,,,,,,0.00,0.00,,20,MFV 01911,BLK:04 PLN:18 POS:01,252.10,
T059-B02,WT-163:S012,daniel,jason,7,BLK:04 PLN:14 POS:01,MFV 02851,246.90,3/26/2013 12:37,3/26/2013 14:20,1:42:55,,,,,246.90,T064-B03,WT-164:S013,jason,tommy,4,BLK:04 PLN:14 POS:01,MFV 02851,3.90,4/10/2013 22:32,4/10/2013 22:48,0:15:09,,,,,3.90,,,,,,,,,,,,,,,0.00,0.00,,,,,,,,0.00,,,,,,,0.00,0.00,,21,MFV 02851,BLK:04 PLN:14 POS:01,250.80,
T059-B02,WT-163:S012,daniel,jason,8,BLK:04 PLN:10 POS:01,MFV 01780,248.30,3/26/2013 12:38,3/26/2013 14:24,1:46:06,,,,,248.30,T064-B03,WT-164:S013,jason,tommy,4,BLK:04 PLN:10 POS:01,MFV 01780,3.80,4/10/2013 22:11,4/10/2013 22:22,0:10:53,,,,,3.80,,,,,,,,,,,,,,,0.00,0.00,,,,,,,,0.00,,,,,,,0.00,0.00,,22,MFV 01780,BLK:04 PLN:10 POS:01,252.10,
T059-B02,WT-163:S012,daniel,jason,9,BLK:04 PLN:06 POS:01,MFV 02750,246.80,3/26/2013 12:38,3/26/2013 14:23,1:45:28,,,,,246.80,T064-B03,WT-164:S013,jason,tommy,4,BLK:04 PLN:06 POS:01,MFV 02750,3.60,4/10/2013 21:53,4/10/2013 22:04,0:10:59,,,,,3.60,,,,,,,,,,,,,,,0.00,0.00,,,,,,,,0.00,,,,,,,0.00,0.00,,23,MFV 02750,BLK:04 PLN:06 POS:01,250.40,
T059-B02,WT-163:S012,daniel,jason,10,BLK:04 PLN:02 POS:01,MFV 01828,247.70,3/26/2013 12:39,3/26/2013 14:23,1:44:11,,,,,247.70,T064-B03,WT-164:S013,jason,tommy,4,BLK:04 PLN:02 POS:01,MFV 01828,3.60,4/10/2013 21:28,4/10/2013 21:38,0:09:36,,,,,3.60,T64-B13,WT163:S066,Larry,Brent,9,BLK:04 PLN:02 POS:01,MFV 01828,0.6,5/28/2014 15:53,5/28/2014 15:57,0:04:21,"1/2""",,,0.00,0.60,,,,,,,,0.00,,,,,,,0.00,0.00,,24,MFV 01828,BLK:04 PLN:02 POS:01,251.90,
T059-B02,WT-163:S012,daniel,jason,1,BLK:04 PLN:28 POS:01,MFV 00646,244.00,3/26/2013 14:43,3/26/2013 16:32,1:49:27,,,,,244.00,T064-B03,WT-164:S013,jason,tommy,1,BLK:04 PLN:28 POS:01,MFV 00646,4.30,4/10/2013 22:23,4/10/2013 22:32,0:09:34,,,,,4.30,T64-B13,WT163:S066,Larry,Brent,9,BLK:04 PLN:28 POS:01,MFV 00646,1.1,5/28/2014 16:13,5/28/2014 16:17,0:04:29,"3/8""",,,0.00,1.10,,,,,,,,0.00,,,,,,,0.00,0.00,,25,MFV 00646,BLK:04 PLN:28 POS:01,249.40,
T059-B02,WT-163:S012,daniel,jason,11,BLK:04 PLN:24 POS:01,MFV 04493,246.60,3/26/2013 14:15,3/26/2013 15:57,1:42:23,,,,,246.60,T064-B03,WT-164:S013,jason,tommy,1,BLK:04 PLN:24 POS:01,MFV 04493,3.00,4/10/2013 22:04,4/10/2013 22:11,0:06:43,,,,,3.00,T64-B13,WT163:S066,Larry,Brent,9,BLK:04 PLN:24 POS:01,MFV 04493,0.5,5/28/2014 16:02,5/28/2014 16:07,0:05:33,"1/4""",,,0.00,0.50,,,,,,,,0.00,,,,,,,0.00,0.00,,26,MFV 04493,BLK:04 PLN:24 POS:01,250.10,
T059-B02,WT-163:S012,daniel,jason,3,BLK:04 PLN:20 POS:01,MFV 01754,246.00,3/26/2013 14:27,3/26/2013 16:16,1:48:29,,,,,246.00,T064-B03,WT-164:S013,jason,tommy,1,BLK:04 PLN:20 POS:01,MFV 01754,4.80,4/10/2013 21:38,4/10/2013 21:53,0:14:37,,,,,4.80,,,,,,,,,,,,,,,0.00,0.00,,,,,,,,0.00,,,,,,,0.00,0.00,,27,MFV 01754,BLK:04 PLN:20 POS:01,250.80,
T059-B02,WT-163:S012,daniel,jason,4,BLK:04 PLN:16 POS:01,MFV 01772,247.90,3/26/2013 14:40,3/26/2013 16:27,1:46:47,,,,,247.90,T064-B03,WT-164:S013,jason,tommy,1,BLK:04 PLN:16 POS:01,MFV 01772,3.10,4/10/2013 21:17,4/10/2013 21:26,0:09:30,,,,,3.10,,,,,,,,,,,,,,,0.00,0.00,,,,,,,,0.00,,,,,,,0.00,0.00,,28,MFV 01772,BLK:04 PLN:16 POS:01,251.00,
T059-B02,WT-163:S012,daniel,jason,7,BLK:04 PLN:12 POS:01,MFV 01963,251.00,3/26/2013 14:20,3/26/2013 16:08,1:47:42,,,,,251.00,T064-B03,WT-164:S013,jason,tommy,4,BLK:04 PLN:12 POS:01,MFV 01963,2.20,4/10/2013 22:23,4/10/2013 22:32,0:09:31,,,,,2.20,,,,,,,,,,,,,,,0.00,0.00,,,,,,,,0.00,,,,,,,0.00,0.00,,29,MFV 01963,BLK:04 PLN:12 POS:01,253.20,
T059-B02,WT-163:S012,daniel,jason,8,BLK:04 PLN:08 POS:01,MFV 04519,248.30,3/26/2013 14:24,3/26/2013 16:12,1:47:47,,,,,248.30,T064-B03,WT-164:S013,jason,tommy,4,BLK:04 PLN:08 POS:01,MFV 04519,1.10,4/10/2013 22:04,4/10/2013 22:11,0:06:38,,,,,1.10,,,,,,,,,,,,,,,0.00,0.00,,,,,,,,0.00,,,,,,,0.00,0.00,,30,MFV 04519,BLK:04 PLN:08 POS:01,249.40,
T059-B02,WT-163:S012,daniel,jason,9,BLK:04 PLN:04 POS:01,MFV 01836,246.90,3/26/2013 14:24,3/26/2013 16:08,1:43:50,,,,,246.90,T064-B03,WT-164:S013,jason,tommy,4,BLK:04 PLN:04 POS:01,MFV 01836,4.70,4/10/2013 21:38,4/10/2013 21:53,0:14:39,,,,,4.70,,,,,,,,,,,,,,,0.00,0.00,,,,,,,,0.00,,,,,,,0.00,0.00,,31,MFV 01836,BLK:04 PLN:04 POS:01,251.60,
T059-B02,WT-163:S012,daniel,jason,10,BLK:04 PLN:00 POS:01,MFV 02111,247.70,3/26/2013 14:24,3/26/2013 16:08,1:43:51,,,,,247.70,T064-B03,WT-164:S013,jason,tommy,4,BLK:04 PLN:00 POS:01,MFV 02111,5.00,4/10/2013 21:17,4/10/2013 21:28,0:11:00,,,,,5.00,T64-B13,WT163:S066,Larry,Brent,9,BLK:04 PLN:00 POS:01,MFV 02111,0.7,5/28/2014 15:45,5/28/2014 15:52,0:06:42,"1/2""",,,0.00,0.70,,,,,,,,0.00,,,,,,,0.00,0.00,,32,MFV 02111,BLK:04 PLN:00 POS:01,253.40,
T059-B02,WT-163:S012,daniel,jason,2,BLK:04 PLN:30 POS:02,MFV 00322,246.40,3/26/2013 17:09,3/26/2013 18:54,1:45:10,,,,,246.40,T064-B03,WT-164:S013,jason,tommy,1,BLK:04 PLN:30 POS:02,MFV 00322,3.10,4/10/2013 20:19,4/10/2013 20:26,0:07:41,,,,,3.10,,,,,,,,,,,,,,,0.00,0.00,,,,,,,,0.00,,,,,,,0.00,0.00,,33,MFV 00322,BLK:04 PLN:30 POS:02,249.50,
T059-B02,WT-163:S012,daniel,jason,4,BLK:04 PLN:26 POS:02,MFV 00336,251.80,3/26/2013 17:09,3/26/2013 19:05,1:55:42,,,,,251.80,T064-B03,WT-164:S013,jason,tommy,1,BLK:04 PLN:26 POS:02,MFV 00336,2.20,4/10/2013 19:57,4/10/2013 20:09,0:11:32,,,,,2.20,,,,,,,,,,,,,,,0.00,0.00,,,,,,,,0.00,,,,,,,0.00,0.00,,34,MFV 00336,BLK:04 PLN:26 POS:02,254.00,
T059-B02,WT-163:S012,daniel,jason,6,BLK:04 PLN:22 POS:02,MFV 02835,247.90,3/26/2013 17:09,3/26/2013 21:55,4:45:44,66.3 gallons pumped from tanker wt-166,,,,247.90,T064-B03,WT-164:S013,jason,tommy,1,BLK:04 PLN:22 POS:02,MFV 02835,1.80,4/10/2013 19:43,4/10/2013 19:48,0:04:56,,,,,1.80,,,,,,,,,,,,,,,0.00,0.00,,,,,,,,0.00,,,,,,,0.00,0.00,,35,MFV 02835,BLK:04 PLN:22 POS:02,249.70,
T059-B02,WT-163:S012,daniel,jason,7,BLK:04 PLN:18 POS:02,MFV 02853,241.10,3/26/2013 17:09,3/26/2013 21:53,4:44:32,63.5 gallons pumped from tanker wt-166,,,,241.10,T064-B03,WT-164:S013,jason,tommy,1,BLK:04 PLN:18 POS:02,MFV 02853,1.50,4/10/2013 19:21,4/10/2013 19:32,0:11:06,,,,,1.50,T64-B13,WT163:S066,Larry,Brent,,BLK:04 PLN:18 POS:02,MFV 02853,0,,,,full,,,0.00,0.00,,,,,,,,0.00,,,,,,,0.00,0.00,,36,MFV 02853,BLK:04 PLN:18 POS:02,242.60,
T059-B02,WT-163:S012,daniel,jason,8,BLK:04 PLN:14 POS:02,MFV 02855,246.80,3/26/2013 16:52,3/26/2013 18:27,1:34:58,,,,,246.80,T064-B03,WT-164:S013,jason,tommy,4,BLK:04 PLN:14 POS:02,MFV 02855,3.00,4/10/2013 20:27,4/10/2013 20:37,0:10:22,,,,,3.00,,,,,,,,,,,,,,,0.00,0.00,,,,,,,,0.00,,,,,,,0.00,0.00,,37,MFV 02855,BLK:04 PLN:14 POS:02,249.80,
T059-B02,WT-163:S012,daniel,jason,9,BLK:04 PLN:10 POS:02,MFV 01763,246.20,3/26/2013 16:52,3/26/2013 18:28,1:35:07,,,,,246.20,T064-B03,WT-164:S013,jason,tommy,4,BLK:04 PLN:10 POS:02,MFV 01763,3.70,4/10/2013 20:09,4/10/2013 20:18,0:09:25,,,,,3.70,,,,,,,,,,,,,,,0.00,0.00,,,,,,,,0.00,,,,,,,0.00,0.00,,38,MFV 01763,BLK:04 PLN:10 POS:02,249.90,
T059-B02,WT-163:S012,daniel,jason,10,BLK:04 PLN:06 POS:02,MFV 02751,241.80,3/26/2013 17:04,3/26/2013 18:37,1:32:40,,,,,241.80,T064-B03,WT-164:S013,jason,tommy,4,BLK:04 PLN:06 POS:02,MFV 02751,6.50,4/10/2013 19:43,4/10/2013 19:57,0:13:51,,,,,6.50,T64-B13,WT163:S066,Larry,Brent,,BLK:04 PLN:06 POS:02,MFV 02751,0,,,,"1/2""",,,0.00,0.00,,,,,,,,0.00,,,,,,,0.00,0.00,,39,MFV 02751,BLK:04 PLN:06 POS:02,248.30,
T059-B02,WT-163:S012,daniel,jason,11,BLK:04 PLN:02 POS:02,MFV 03943,255.00,3/26/2013 17:04,3/26/2013 18:37,1:32:27,,,,,255.00,T064-B03,WT-164:S013,jason,tommy,4,BLK:04 PLN:02 POS:02,MFV 03943,0.50,4/10/2013 19:21,4/10/2013 19:36,0:14:50,,,,,0.50,T64-B13,WT163:S066,Larry,Brent,,BLK:04 PLN:02 POS:02,MFV 03943,0,,,,full,,,0.00,0.00,,,,,,,,0.00,,,,,,,0.00,0.00,,40,MFV 03943,BLK:04 PLN:02 POS:02,255.50,
T59-B02,WT-163:S012,james,wood,2,BLK:04 PLN:28 POS:02,MFV 00644,18.70,3/26/2013 18:55,3/26/2013 23:01,4:05:57,tanker swap ,T59-B02,WT-166-S013,226.60,245.30,T064-B03,WT-164:S013,jason,tommy,1,BLK:04 PLN:28 POS:02,MFV 00644,3.20,4/10/2013 20:09,4/10/2013 20:18,0:09:31,,,,,3.20,T64-B13,WT163:S066,Larry,Brent,,BLK:04 PLN:28 POS:02,MFV 00644,0,,,,"1/2""",,,0.00,0.00,,,,,,,,0.00,,,,,,,0.00,0.00,,41,MFV 00644,BLK:04 PLN:28 POS:02,248.50,
T59-B02,WT-163:S012,james,wood,4,BLK:04 PLN:24 POS:02,MFV 01932,9.10,3/26/2013 19:05,3/26/2013 23:27,4:21:30,tanker swap ,T59-B02,WT-166-S013,240.00,249.10,T064-B03,WT-164:S013,jason,tommy,1,BLK:04 PLN:24 POS:02,MFV 01932,1.80,4/10/2013 19:48,4/10/2013 19:57,0:08:35,,,,,1.80,,,,,,,,,,,,,,,0.00,0.00,,,,,,,,0.00,,,,,,,0.00,0.00,,42,MFV 01932,BLK:04 PLN:24 POS:02,250.90,
T59-B02,WT-166:S013,james,wood,6,BLK:04 PLN:20 POS:02,MFV 01762,249.30,3/26/2013 22:06,3/26/2013 23:57,1:51:31,,,,,249.30,T064-B03,WT-164:S013,jason,tommy,1,BLK:04 PLN:20 POS:02,MFV 01762,2.00,4/10/2013 19:32,4/10/2013 19:43,0:10:31,,,,,2.00,,,,,,,,,,,,,,,0.00,0.00,,,,,,,,0.00,,,,,,,0.00,0.00,,43,MFV 01762,BLK:04 PLN:20 POS:02,251.30,
T59-B02,WT-166:S013,james,wood,7,BLK:04 PLN:16 POS:02,MFV 04526,248.40,3/26/2013 22:06,3/26/2013 23:54,1:48:36,,,,,248.40,T064-B03,WT-164:S013,jason,tommy,1,BLK:04 PLN:16 POS:02,MFV 04526,0.90,4/10/2013 19:11,4/10/2013 19:20,0:09:14,,,,,0.90,,,,,,,,,,,,,,,0.00,0.00,,,,,,,,0.00,,,,,,,0.00,0.00,,44,MFV 04526,BLK:04 PLN:16 POS:02,249.30,
T59-B02,WT-163:S012,james,wood,8,BLK:04 PLN:12 POS:02,MFV 01910,64.60,3/26/2013 18:35,3/26/2013 22:41,4:05:35,tanker swap ,T59-B02,WT-166-S013,183.50,248.10,T064-B03,WT-164:S013,jason,tommy,4,BLK:04 PLN:12 POS:02,MFV 01910,3.40,4/10/2013 20:19,4/10/2013 20:27,0:07:43,,,,,3.40,,,,,,,,,,,,,,,0.00,0.00,,,,,,,,0.00,,,,,,,0.00,0.00,,45,MFV 01910,BLK:04 PLN:12 POS:02,251.50,
T59-B02,WT-163:S012,james,wood,9,BLK:04 PLN:08 POS:02,MFV 04522,60.20,3/26/2013 18:39,3/26/2013 22:42,4:03:46,tanker swap ,T59-B02,WT-166-S013,185.70,245.90,T064-B03,WT-164:S013,jason,tommy,4,BLK:04 PLN:08 POS:02,MFV 04522,2.10,4/10/2013 19:57,4/10/2013 20:09,0:11:35,,,,,2.10,,,,,,,,,,,,,,,0.00,0.00,,,,,,,,0.00,,,,,,,0.00,0.00,,46,MFV 04522,BLK:04 PLN:08 POS:02,248.00,
T59-B02,WT-166:S014,james,wood,10,BLK:04 PLN:04 POS:02,MFV 01874,56.60,3/26/2013 18:39,3/26/2013 22:42,4:03:46,tanker swap ,T59-B02,WT-166-S013,189.30,245.90,T064-B03,WT-164:S013,jason,tommy,4,BLK:04 PLN:04 POS:02,MFV 01874,4.20,4/10/2013 19:36,4/10/2013 19:42,0:06:42,,,,,4.20,,,,,,,,,,,,,,,0.00,0.00,,,,,,,,0.00,,,,,,,0.00,0.00,,47,MFV 01874,BLK:04 PLN:04 POS:02,250.10,
T59-B02,WT-163:S012,james,wood,11,BLK:04 PLN:00 POS:02,MFV 02114,54.60,3/26/2013 18:39,3/26/2013 22:43,4:03:46,tanker swap ,T59-B02,WT-166-S013,188.60,243.20,T064-B03,WT-164:S013,jason,tommy,4,BLK:04 PLN:00 POS:02,MFV 02114,3.40,4/10/2013 19:11,4/10/2013 19:20,0:09:16,,,,,3.40,T64-B13,WT163:S066,Larry,Brent,,BLK:04 PLN:00 POS:02,MFV 02114,0,,,,"full toe-kick position, not able to fit fill-head",,,0.00,0.00,,,,,,,,0.00,,,,,,,0.00,0.00,,48,MFV 02114,BLK:04 PLN:00 POS:02,246.60,
T59-B02,WT-163:S012,james,wood,2,BLK:04 PLN:30 POS:03,MFV 01208,248.00,3/26/2013 23:02,3/27/2013 0:57,1:54:32,,,,,248.00,T064-B03,WT-164:S013,jason,tommy,1,BLK:04 PLN:30 POS:03,MFV 01208,3.40,4/10/2013 18:29,4/10/2013 18:41,0:11:07,,,,,3.40,,,,,,,,,,,,,,,0.00,0.00,,,,,,,,0.00,,,,,,,0.00,0.00,,49,MFV 01208,BLK:04 PLN:30 POS:03,251.40,
T59-B02,WT-166:S015,james,wood,4,BLK:04 PLN:26 POS:03,MFV 01648,250.50,3/26/2013 23:27,3/27/2013 1:34,2:06:12,,,,,250.50,T064-B03,WT-164:S013,jason,tommy,1,BLK:04 PLN:26 POS:03,MFV 01648,2.80,4/10/13 18:11,4/10/2013 18:19,0:08:24,,,,,2.80,,,,,,,,,,,,,,,0.00,0.00,,,,,,,,0.00,,,,,,,0.00,0.00,,50,MFV 01648,BLK:04 PLN:26 POS:03,253.30,
T59-B02,WT-163:S012,james,wood,6,BLK:04 PLN:22 POS:03,MFV 01918,248.60,3/26/2013 23:59,3/27/2013 1:51,1:51:58,,,,,248.60,T064-B03,WT-164:S013,jason,tommy,1,BLK:04 PLN:22 POS:03,MFV 01918,2.90,4/10/2013 17:54,4/10/2013 18:03,0:08:20,,,,,2.90,,,,,,,,,,,,,,,0.00,0.00,,,,,,,,0.00,,,,,,,0.00,0.00,,51,MFV 01918,BLK:04 PLN:22 POS:03,251.50,
T59-B02,WT-163:S012,james,wood,7,BLK:04 PLN:18 POS:03,MFV 01954,249.10,3/26/2013 23:57,3/27/2013 1:46,1:49:13,,,,,249.10,T064-B03,WT-164:S013,jason,tommy,1,BLK:04 PLN:18 POS:03,MFV 01954,2.70,4/10/2013 17:34,4/10/2013 17:44,0:09:49,,,,,2.70,,,,,,,,,,,,,,,0.00,0.00,,,,,,,,0.00,,,,,,,0.00,0.00,,52,MFV 01954,BLK:04 PLN:18 POS:03,251.80,
T59-B02,WT-166:S016,james,wood,8,BLK:04 PLN:14 POS:03,MFV 02856,246.80,3/26/2013 22:44,3/27/2013 0:36,1:52:16,,,,,246.80,T064-B03,WT-164:S013,jason,tommy,4,BLK:04 PLN:14 POS:03,MFV 02856,3.20,4/10/2013 18:31,4/10/2013 18:41,0:09:16,,,,,3.20,,,,,,,,,,,,,,,0.00,0.00,,,,,,,,0.00,,,,,,,0.00,0.00,,53,MFV 02856,BLK:04 PLN:14 POS:03,250.00,
T59-B02,WT-163:S012,james,wood,9,BLK:04 PLN:10 POS:03,MFV 01778,245.50,3/26/2013 22:44,3/27/2013 0:35,1:51:27,,,,,245.50,T064-B03,WT-164:S013,jason,tommy,4,BLK:04 PLN:10 POS:03,MFV 01778,5.90,4/10/2013 18:16,4/10/2013 18:27,0:10:54,,,,,5.90,,,,,,,,,,,,,,,0.00,0.00,,,,,,,,0.00,,,,,,,0.00,0.00,,54,MFV 01778,BLK:04 PLN:10 POS:03,251.40,
T59-B02,WT-163:S012,james,wood,10,BLK:04 PLN:06 POS:03,MFV 04541,243.70,3/26/2013 22:44,3/27/2013 0:36,1:52:37,,,,,243.70,T064-B03,WT-164:S013,jason,tommy,4,BLK:04 PLN:06 POS:03,MFV 04541,3.30,4/10/2013 17:54,4/10/2013 18:02,0:08:15,,,,,3.30,T64-B13,WT163:S066,Larry,Brent,9,BLK:04 PLN:06 POS:03,MFV 04541,1.4,5/28/2014 13:32,5/28/2014 13:38,0:06:33,"3/8""",,,0.00,1.40,,,,,,,,0.00,,,,,,,0.00,0.00,,55,MFV 04541,BLK:04 PLN:06 POS:03,248.40,
T59-B02,WT-166:S017,james,wood,11,BLK:04 PLN:02 POS:03,MFV 02062,249.90,3/26/2013 22:44,3/27/2013 0:34,1:50:26,,,,,249.90,T064-B03,WT-164:S013,jason,tommy,4,BLK:04 PLN:02 POS:03,MFV 02062,2.40,4/10/2013 17:34,4/10/2013 17:44,0:09:44,,,,,2.40,T64-B13,WT163:S066,Larry,Brent,9,BLK:04 PLN:02 POS:03,MFV 02062,0.2,5/28/2014 13:30,5/28/2014 13:31,0:01:08,"1/16""",,,0.00,0.20,,,,,,,,0.00,,,,,,,0.00,0.00,,56,MFV 02062,BLK:04 PLN:02 POS:03,252.50,
T59-B02,WT-163:S012,james,wood,2,BLK:04 PLN:28 POS:03,MFV 00652,245.70,3/27/2013 0:57,3/27/2013 2:50,1:52:28,,,,,245.70,T064-B03,WT-164:S013,jason,tommy,1,BLK:04 PLN:28 POS:03,MFV 00652,4.20,4/10/2013 18:19,4/10/2013 18:29,0:10:02,,,,,4.20,,,,,,,,,,,,,,,0.00,0.00,,,,,,,,0.00,,,,,,,0.00,0.00,,57,MFV 00652,BLK:04 PLN:28 POS:03,249.90,
T59-B02,WT-163:S012,james,wood,4,BLK:04 PLN:24 POS:03,MFV 01888,248.70,3/27/2013 1:34,3/27/2013 7:02,5:28:06,,,,,248.70,T064-B03,WT-164:S013,jason,tommy,1,BLK:04 PLN:24 POS:03,MFV 01888,2.10,4/10/2013 18:03,4/10/2013 18:10,0:07:48,,,,,2.10,,,,,,,,,,,,,,,0.00,0.00,,,,,,,,0.00,,,,,,,0.00,0.00,,58,MFV 01888,BLK:04 PLN:24 POS:03,250.80,
T59-B02,WT-166:S018,james,wood,6,BLK:04 PLN:20 POS:03,MFV 04515,246.20,3/27/2013 1:52,3/27/2013 7:02,5:10:18,,,,,246.20,T064-B03,WT-164:S013,jason,tommy,1,BLK:04 PLN:20 POS:03,MFV 04515,2.70,4/10/2013 17:44,4/10/2013 17:54,0:10:17,,,,,2.70,,,,,,,,,,,,,,,0.00,0.00,,,,,,,,0.00,,,,,,,0.00,0.00,,59,MFV 04515,BLK:04 PLN:20 POS:03,248.90,
T59-B02,WT-163:S012,james,wood,7,BLK:04 PLN:16 POS:03,MFV 01788,248.90,3/27/2013 1:47,3/27/2013 7:02,5:15:33,,,,,248.90,T064-B03,WT-164:S013,jason,tommy,1,BLK:04 PLN:16 POS:03,MFV 01788,3.90,4/10/2013 17:16,4/10/2013 17:33,0:17:27,,,,,3.90,,,,,,,,,,,,,,,0.00,0.00,,,,,,,,0.00,,,,,,,0.00,0.00,,60,MFV 01788,BLK:04 PLN:16 POS:03,252.80,
T59-B02,WT-163:S012,james,wood,8,BLK:04 PLN:12 POS:03,MFV 01934,248.40,3/27/2013 0:36,3/27/2013 2:27,1:50:47,,,,,248.40,T064-B03,WT-164:S013,jason,tommy,4,BLK:04 PLN:12 POS:03,MFV 01934,1.90,4/10/2013 18:27,4/10/2013 18:31,0:04:19,,,,,1.90,,,,,,,,,,,,,,,0.00,0.00,,,,,,,,0.00,,,,,,,0.00,0.00,,61,MFV 01934,BLK:04 PLN:12 POS:03,250.30,
T59-B02,WT-166:S019,james,wood,9,BLK:04 PLN:08 POS:03,MFV 02818,245.60,3/27/2013 0:36,3/27/2013 2:23,1:47:55,,,,,245.60,T064-B03,WT-164:S013,jason,tommy,4,BLK:04 PLN:08 POS:03,MFV 02818,5.80,4/10/2013 18:03,4/10/2013 18:16,0:12:56,,,,,5.80,,,,,,,,,,,,,,,0.00,0.00,,,,,,,,0.00,,,,,,,0.00,0.00,,62,MFV 02818,BLK:04 PLN:08 POS:03,251.40,
T59-B02,WT-163:S012,james,wood,10,BLK:04 PLN:04 POS:03,MFV 02676,246.00,3/27/2013 0:37,3/27/2013 2:26,1:49:19,,,,,246.00,T064-B03,WT-164:S013,jason,tommy,4,BLK:04 PLN:04 POS:03,MFV 02676,4.40,4/10/2013 17:44,4/10/2013 17:54,0:10:10,,,,,4.40,,,,,,,,,,,,,,,0.00,0.00,,,,,,,,0.00,,,,,,,0.00,0.00,,63,MFV 02676,BLK:04 PLN:04 POS:03,250.40,
T59-B02,WT-163:S012,james,wood,11,BLK:04 PLN:00 POS:03,MFV 02050,247.20,3/27/2013 0:35,3/27/2013 2:21,1:45:51,,,,,247.20,T064-B03,WT-164:S013,jason,tommy,4,BLK:04 PLN:00 POS:03,MFV 02050,5.00,4/10/2013 17:16,4/10/2013 17:33,0:17:29,,,,,5.00,T64-B13,WT163:S066,Larry,Brent,9,BLK:04 PLN:00 POS:03,MFV 02050,0.9,5/28/2014 13:21,5/28/2014 13:28,0:07:33,1/4',,,0.00,0.90,,,,,,,,0.00,,,,,,,0.00,0.00,,64,MFV 02050,BLK:04 PLN:00 POS:03,253.10,
T59-B02,WT-166:S020,james,wood,2,BLK:04 PLN:30 POS:04,MFV 01673,124.90,3/27/2013 2:50,3/27/2013 7:15,4:25:40,tanker swap,T059-B02,WT-165:S010,122.70,247.60,T064-B03,WT-164:S013,galvin,blackmer,1,BLK:04 PLN:30 POS:04,MFV 01673,3.60,4/10/2013 16:42,4/10/2013 16:49,0:06:43,,,,,3.60,,,,,,,,,,,,,,,0.00,0.00,,,,,,,,0.00,,,,,,,0.00,0.00,,65,MFV 01673,BLK:04 PLN:30 POS:04,251.20,
T059-B02,WT-165:S010,hoffman,wood,8,BLK:04 PLN:14 POS:04,MFV 01942,66.30,3/27/2013 7:33,3/27/2013 8:05,0:31:50,tanker swap,T59-B02,WT-166-S013,180.9,247.20,T064-B03,WT-164:S013,galvin,blackmer,4,BLK:04 PLN:14 POS:04,MFV 01942,3.90,4/10/2013 16:46,4/10/2013 16:53,0:07:18,,,,,3.90,,,,,,,,,,,,,,,0.00,0.00,,,,,,,,0.00,,,,,,,0.00,0.00,,66,MFV 01942,BLK:04 PLN:14 POS:04,251.10,
T059-B02,WT-165:S010,hoffman,wood,9,BLK:04 PLN:10 POS:04,MFV 01774,55.00,3/27/2013 7:33,3/27/2013 7:59,0:26:22,tanker swap,T59-B02,WT-166-S013,192.1,247.10,T064-B03,WT-164:S013,galvin,blackmer,4,BLK:04 PLN:10 POS:04,MFV 01774,4.70,4/10/2013 16:31,4/10/2013 16:39,0:08:14,,,,,4.70,,,,,,,,,,,,,,,0.00,0.00,,,,,,,,0.00,,,,,,,0.00,0.00,,67,MFV 01774,BLK:04 PLN:10 POS:04,251.80,
T059-B02,WT-165:S010,hoffman,wood,10,BLK:04 PLN:06 POS:04,MFV 04530,52.40,3/27/2013 7:33,3/27/2013 8:00,0:27:13,tanker swap,T59-B02,WT-166-S013,193.9,246.30,T064-B03,WT-164:S013,galvin,blackmer,4,BLK:04 PLN:06 POS:04,MFV 04530,2.30,4/10/2013 16:18,4/10/2013 16:24,0:05:35,,,,,2.30,T64-B13,WT163:S066,Larry,Brent,9,BLK:04 PLN:06 POS:04,MFV 04530,0.6,5/28/2014 11:28,5/28/2014 11:35,0:07:00,"1/4""",,,0.00,0.60,,,,,,,,0.00,,,,,,,0.00,0.00,,68,MFV 04530,BLK:04 PLN:06 POS:04,249.20,
T059-B02,WT-165:S010,hoffman,wood,11,BLK:04 PLN:02 POS:04,MFV 02070,38.80,3/27/2013 7:33,3/27/2013 7:55,0:22:26,tanker swap,T59-B02,WT-166-S013,209.4,248.20,T064-B03,WT-164:S013,galvin,blackmer,4,BLK:04 PLN:02 POS:04,MFV 02070,4.60,4/10/2013 16:02,4/10/2013 16:11,0:08:36,,,,,4.60,T64-B13,WT163:S066,Larry,Brent,9,BLK:04 PLN:02 POS:04,MFV 02070,0.3,5/28/2014 11:25,5/28/2014 11:27,0:01:34,"1/4""",,,0.00,0.30,,,,,,,,0.00,,,,,,,0.00,0.00,,69,MFV 02070,BLK:04 PLN:02 POS:04,253.10,
T059-B02,WT-165:S010,daniel,jason,2,BLK:04 PLN:28 POS:04,MFV 00637,249.50,3/27/2013 8:34,3/27/2013 10:30,1:56:07,,,,,249.50,T064-B03,WT-164:S013,galvin,blackmer,1,BLK:04 PLN:28 POS:04,MFV 00637,2.00,4/10/2013 16:34,4/10/2013 16:42,0:07:51,,,,,2.00,,,,,,,,,,,,,,,0.00,0.00,,,,,,,,0.00,,,,,,,0.00,0.00,,70,MFV 00637,BLK:04 PLN:28 POS:04,251.50,
T059-B02,WT-165:S010,daniel,jason,4,BLK:04 PLN:26 POS:04,MFV 01665,249.80,3/27/2013 7:38,3/27/2013 9:35,1:56:39,,,,,249.80,T064-B03,WT-164:S013,galvin,blackmer,1,BLK:04 PLN:26 POS:04,MFV 01665,3.20,4/10/2013 16:27,4/10/2013 16:34,0:07:24,,,,,3.20,,,,,,,,,,,,,,,0.00,0.00,,,,,,,,0.00,,,,,,,0.00,0.00,,71,MFV 01665,BLK:04 PLN:26 POS:04,253.00,
T059-B02,WT-165:S010,daniel,jason,6,BLK:04 PLN:22 POS:04,MFV 01908,248.40,3/27/2013 7:38,3/27/2013 9:37,1:59:18,,,,,248.40,T064-B03,WT-164:S013,galvin,blackmer,1,BLK:04 PLN:22 POS:04,MFV 01908,2.90,4/10/2013 16:14,4/10/2013 16:20,0:06:37,,,,,2.90,,,,,,,,,,,,,,,0.00,0.00,,,,,,,,0.00,,,,,,,0.00,0.00,,72,MFV 01908,BLK:04 PLN:22 POS:04,251.30,
T059-B02,WT-165:S010,daniel,jason,7,BLK:04 PLN:18 POS:04,MFV 01979,246.30,3/27/2013 7:38,3/27/2013 9:24,1:46:04,,,,,246.30,T064-B03,WT-164:S013,galvin,blackmer,1,BLK:04 PLN:18 POS:04,MFV 01979,4.10,4/10/2013 16:00,4/10/2013 16:07,0:07:29,,,,,4.10,T64-B13,WT163:S066,Larry,Brent,9,BLK:04 PLN:18 POS:04,MFV 01979,1,5/28/2014 11:35,5/28/2014 11:40,0:05:13,"1 1/8""",,,0.00,1.00,,,,,,,,0.00,,,,,,,0.00,0.00,,73,MFV 01979,BLK:04 PLN:18 POS:04,251.40,
T059-B02,WT-165:S010,daniel,jason,8,BLK:04 PLN:12 POS:04,MFV 01927,247.90,3/27/2013 8:05,3/27/2013 9:57,1:52:03,,,,,247.90,T064-B03,WT-164:S013,galvin,blackmer,4,BLK:04 PLN:12 POS:04,MFV 01927,2.40,4/10/2013 16:39,4/10/2013 16:46,0:06:15,,,,,2.40,,,,,,,,,,,,,,,0.00,0.00,,,,,,,,0.00,,,,,,,0.00,0.00,,74,MFV 01927,BLK:04 PLN:12 POS:04,250.30,
T059-B02,WT-165:S010,daniel,jason,9,BLK:04 PLN:08 POS:04,MFV 02826,247.10,3/27/2013 8:00,3/27/2013 9:48,1:47:57,,,,,247.10,T064-B03,WT-164:S013,galvin,blackmer,4,BLK:04 PLN:08 POS:04,MFV 02826,3.90,4/10/2013 16:24,4/10/2013 16:31,0:07:09,,,,,3.90,,,,,,,,,,,,,,,0.00,0.00,,,,,,,,0.00,,,,,,,0.00,0.00,,75,MFV 02826,BLK:04 PLN:08 POS:04,251.00,
T059-B02,WT-165:S010,daniel,jason,10,BLK:04 PLN:04 POS:04,MFV 02690,246.00,3/27/2013 8:00,3/27/2013 9:58,1:57:38,,,,,246.00,T064-B03,WT-164:S013,galvin,blackmer,4,BLK:04 PLN:04 POS:04,MFV 02690,4.50,4/10/2013 16:11,4/10/2013 16:18,0:07:01,,,,,4.50,,,,,,,,,,,,,,,0.00,0.00,,,,,,,,0.00,,,,,,,0.00,0.00,,76,MFV 02690,BLK:04 PLN:04 POS:04,250.50,
T059-B02,WT-165:S010,daniel,jason,11,BLK:04 PLN:00 POS:04,MFV 02105,248.70,3/27/2013 7:53,3/27/2013 9:42,1:48:12,,,,,248.70,T064-B03,WT-164:S013,galvin,blackmer,4,BLK:04 PLN:00 POS:04,MFV 02105,4.20,4/10/2013 15:54,4/10/2013 16:02,0:08:37,,,,,4.20,T64-B13,WT163:S066,Larry,Brent,9,BLK:04 PLN:00 POS:04,MFV 02105,0.4,5/28/2014 11:21,5/28/2014 11:23,0:01:43,full,,,0.00,0.40,,,,,,,,0.00,,,,,,,0.00,0.00,,77,MFV 02105,BLK:04 PLN:00 POS:04,253.30,
T059-B02,WT-165:S010,daniel,jason,4,BLK:04 PLN:24 POS:04,MFV 02840,247.60,3/27/2013 9:35,3/27/2013 11:33,1:58:21,,,,,247.60,T064-B03,WT-164:S013,galvin,blackmer,1,BLK:04 PLN:24 POS:04,MFV 02840,3.10,4/10/2013 16:20,4/10/2013 16:27,0:06:10,,,,,3.10,,,,,,,,,,,,,,,0.00,0.00,,,,,,,,0.00,,,,,,,0.00,0.00,,78,MFV 02840,BLK:04 PLN:24 POS:04,250.70,
T059-B02,WT-165:S010,daniel,jason,6,BLK:04 PLN:20 POS:04,MFV 01962,248.30,3/27/2013 9:38,3/27/2013 11:31,1:53:49,,,,,248.30,T064-B03,WT-164:S013,galvin,blackmer,1,BLK:04 PLN:20 POS:04,MFV 01962,3.20,4/10/2013 16:13,4/10/2013 16:14,0:00:13,,,,,3.20,,,,,,,,,,,,,,,0.00,0.00,,,,,,,,0.00,,,,,,,0.00,0.00,,79,MFV 01962,BLK:04 PLN:20 POS:04,251.50,
T059-B02,WT-165:S010,daniel,jason,7,BLK:04 PLN:16 POS:04,MFV 02727,249.20,3/27/2013 9:24,3/27/2013 11:16,1:51:10,,,,,249.20,T064-B03,WT-164:S013,galvin,blackmer,1,BLK:04 PLN:16 POS:04,MFV 02727,2.60,4/10/2013 15:55,4/10/2013 16:00,0:05:21,,,,,2.60,,,,,,,,,,,,,,,0.00,0.00,,,,,,,,0.00,,,,,,,0.00,0.00,,80,MFV 02727,BLK:04 PLN:16 POS:04,251.80,
T059-B02,WT-165:S010,daniel,jason,2,BLK:04 PLN:30 POS:05,MFV 01896,247.10,3/27/2013 10:35,3/27/2013 12:29,1:54:32,,,,,247.10,T064-B03,WT-164:S013,galvin,blackmer,1,BLK:04 PLN:30 POS:05,MFV 01896,4.00,4/10/2013 15:15,4/10/2013 15:23,0:07:41,,,,,4.00,,,,,,,,,,,,,,,0.00,0.00,,,,,,,,0.00,,,,,,,0.00,0.00,,81,MFV 01896,BLK:04 PLN:30 POS:05,251.10,
T059-B02,WT-165:S010,daniel,jason,4,BLK:04 PLN:26 POS:05,MFV 01639,249.00,3/27/2013 11:34,3/27/2013 13:38,2:04:09,,,,,249.00,T064-B03,WT-164:S013,galvin,blackmer,1,BLK:04 PLN:26 POS:05,MFV 01639,2.90,4/10/2013 14:59,4/10/2013 15:06,0:07:05,,,,,2.90,T64-B13,WT163:S066,Larry,Brent,9,BLK:04 PLN:26 POS:05,MFV 01639,0.2,5/28/2014 10:32,5/28/2014 10:36,0:03:16,full,,,0.00,0.20,,,,,,,,0.00,,,,,,,0.00,0.00,,82,MFV 01639,BLK:04 PLN:26 POS:05,252.10,
T059-B02,WT-165:S010,daniel,jason,6,BLK:04 PLN:22 POS:05,MFV 01907,248.00,3/27/2013 11:32,3/27/2013 13:32,2:00:24,,,,,248.00,T064-B03,WT-164:S013,galvin,blackmer,1,BLK:04 PLN:22 POS:05,MFV 01907,3.90,4/10/2013 14:03,4/10/2013 14:11,0:08:07,,,,,3.90,,,,,,,,,,,,,,,0.00,0.00,,,,,,,,0.00,,,,,,,0.00,0.00,,83,MFV 01907,BLK:04 PLN:22 POS:05,251.90,
T059-B02,WT-165:S010,daniel,jason,7,BLK:04 PLN:18 POS:05,MFV 04500,247.70,3/27/2013 11:16,3/27/2013 13:11,1:55:01,,,,,247.70,T064-B03,WT-164:S013,galvin,blackmer,1,BLK:04 PLN:18 POS:05,MFV 04500,2.20,4/10/2013 13:44,4/10/2013 13:55,0:10:45,,,,,2.20,,,,,,,,,,,,,,,0.00,0.00,,,,,,,,0.00,,,,,,,0.00,0.00,,84,MFV 04500,BLK:04 PLN:18 POS:05,249.90,
T059-B02,WT-165:S010,daniel,jason,8,BLK:04 PLN:14 POS:05,MFV 01935,246.40,3/27/2013 9:57,3/27/2013 11:52,1:55:04,,,,,246.40,T064-B03,WT-164:S013,galvin,blackmer,4,BLK:04 PLN:14 POS:05,MFV 01935,3.60,4/10/2013 15:13,4/10/2013 15:20,0:06:23,,,,,3.60,,,,,,,,,,,,,,,0.00,0.00,,,,,,,,0.00,,,,,,,0.00,0.00,,85,MFV 01935,BLK:04 PLN:14 POS:05,250.00,
T059-B02,WT-165:S010,daniel,jason,9,BLK:04 PLN:10 POS:05,MFV 02822,247.50,3/27/2013 9:48,3/27/2013 11:39,1:51:07,,,,,247.50,T064-B03,WT-164:S013,galvin,blackmer,4,BLK:04 PLN:10 POS:05,MFV 02822,4.00,4/10/2013 15:01,4/10/2013 15:09,0:07:37,,,,,4.00,,,,,,,,,,,,,,,0.00,0.00,,,,,,,,0.00,,,,,,,0.00,0.00,,86,MFV 02822,BLK:04 PLN:10 POS:05,251.50,
T059-B02,WT-165:S010,daniel,jason,10,BLK:04 PLN:06 POS:05,MFV 01794,247.30,3/27/2013 9:58,3/27/2013 11:55,1:56:14,,,,,247.30,T064-B03,WT-164:S013,galvin,blackmer,4,BLK:04 PLN:06 POS:05,MFV 01794,4.30,4/10/2013 14:01,4/10/2013 14:09,0:07:28,,,,,4.30,,,,,,,,,,,,,,,0.00,0.00,,,,,,,,0.00,,,,,,,0.00,0.00,,87,MFV 01794,BLK:04 PLN:06 POS:05,251.60,
T059-B02,WT-165:S010,daniel,jason,11,BLK:04 PLN:02 POS:05,MFV 03930,244.90,3/27/2013 9:42,3/27/2013 11:36,1:54:08,,,,,244.90,T064-B03,WT-164:S013,galvin,blackmer,4,BLK:04 PLN:02 POS:05,MFV 03930,4.10,4/10/2013 13:43,4/10/2013 13:53,0:10:19,,,,,4.10,T64-B13,WT163:S066,Larry,Brent,9,BLK:04 PLN:02 POS:05,MFV 03930,1.4,5/28/2014 10:17,5/28/2014 10:23,0:06:19,"3/4""",,,0.00,1.40,,,,,,,,0.00,,,,,,,0.00,0.00,,88,MFV 03930,BLK:04 PLN:02 POS:05,250.40,
T059-B02,WT-165:S010,daniel,jason,2,BLK:04 PLN:28 POS:05,MFV 00643,245.50,3/27/2013 12:29,3/27/2013 14:15,1:45:16,,,,,245.50,T064-B03,WT-164:S013,galvin,blackmer,1,BLK:04 PLN:28 POS:05,MFV 00643,4.90,4/10/2013 15:06,4/10/2013 15:15,0:08:26,,,,,4.90,T64-B13,WT163:S066,Larry,Brent,9,BLK:04 PLN:28 POS:05,MFV 00643,0.4,5/28/2014 10:41,5/28/2014 10:45,0:04:32,full,,,0.00,0.40,,,,,,,,0.00,,,,,,,0.00,0.00,,89,MFV 00643,BLK:04 PLN:28 POS:05,250.80,
T059-B02,WT-165:S010,daniel,jason,4,BLK:04 PLN:24 POS:05,MFV 01890,92.90,3/27/2013 13:38,3/27/2013 15:53,2:14:48,tanker swap,T059-B02,WT-169:S010,156.10,249.00,T064-B03,WT-164:S013,galvin,blackmer,1,BLK:04 PLN:24 POS:05,MFV 01890,2.50,4/10/2013 14:53,4/10/2013 14:59,0:05:55,,,,,2.50,,,,,,,,,,,,,,,0.00,0.00,,,,,,,,0.00,,,,,,,0.00,0.00,,90,MFV 01890,BLK:04 PLN:24 POS:05,251.50,
T059-B02,WT-165:S010,daniel,jason,6,BLK:04 PLN:20 POS:05,MFV 01746,108.20,3/27/2013 13:32,3/27/2013 15:45,2:12:08,tanker swap,T059-B02,WT-169:S010,140.00,248.20,T064-B03,WT-164:S013,galvin,blackmer,1,BLK:04 PLN:20 POS:05,MFV 01746,4.00,4/10/2013 13:55,4/10/2013 14:03,0:07:45,,,,,4.00,,,,,,,,,,,,,,,0.00,0.00,,,,,,,,0.00,,,,,,,0.00,0.00,,91,MFV 01746,BLK:04 PLN:20 POS:05,252.20,
T059-B02,WT-165:S010,daniel,jason,7,BLK:04 PLN:16 POS:05,MFV 02722,166.90,3/27/2013 13:11,3/27/2013 15:10,1:58:41,tanker swap,T059-B02,WT-169:S010,79.70,246.60,T064-B03,WT-164:S013,galvin,blackmer,1,BLK:04 PLN:16 POS:05,MFV 02722,4.10,4/10/2013 13:35,4/10/2013 13:44,0:09:02,,,,,4.10,T64-B13,WT163:S066,Larry,Brent,9,BLK:04 PLN:16 POS:05,MFV 02722,0.5,5/28/2014 10:28,5/28/2014 10:31,0:03:03,"1/2""",,,0.00,0.50,,,,,,,,0.00,,,,,,,0.00,0.00,,92,MFV 02722,BLK:04 PLN:16 POS:05,251.20,
T059-B02,WT-165:S010,daniel,jason,8,BLK:04 PLN:12 POS:05,MFV 01886,248.10,3/27/2013 11:53,3/27/2013 13:49,1:56:11,,,,,248.10,T064-B03,WT-164:S013,galvin,blackmer,4,BLK:04 PLN:12 POS:05,MFV 01886,1.80,4/10/2013 15:09,4/10/2013 15:13,0:04:01,,,,,1.80,,,,,,,,,,,,,,,0.00,0.00,,,,,,,,0.00,,,,,,,0.00,0.00,,93,MFV 01886,BLK:04 PLN:12 POS:05,249.90,
T059-B02,WT-165:S010,daniel,jason,9,BLK:04 PLN:08 POS:05,MFV 01802,248.00,3/27/2013 11:40,3/27/2013 13:33,1:53:03,,,,,248.00,T064-B03,WT-164:S013,galvin,blackmer,4,BLK:04 PLN:08 POS:05,MFV 01802,3.50,4/10/2013 14:53,4/10/2013 15:01,0:08:08,,,,,3.50,,,,,,,,,,,,,,,0.00,0.00,,,,,,,,0.00,,,,,,,0.00,0.00,,94,MFV 01802,BLK:04 PLN:08 POS:05,251.50,
T059-B02,WT-165:S010,daniel,jason,10,BLK:04 PLN:04 POS:05,MFV 02849,246.60,3/27/2013 11:55,3/27/2013 13:49,1:53:56,,,,,246.60,T064-B03,WT-164:S013,galvin,blackmer,4,BLK:04 PLN:04 POS:05,MFV 02849,5.30,4/10/2013 13:53,4/10/2013 14:01,0:07:58,,,,,5.30,,,,,,,,,,,,,,,0.00,0.00,,,,,,,,0.00,,,,,,,0.00,0.00,,95,MFV 02849,BLK:04 PLN:04 POS:05,251.90,
T059-B02,WT-165:S010,daniel,jason,11,BLK:04 PLN:00 POS:05,MFV 02110,247.70,3/27/2013 11:36,3/27/2013 13:29,1:52:21,,,,,247.70,T064-B03,WT-164:S013,galvin,blackmer,4,BLK:04 PLN:00 POS:05,MFV 02110,4.70,4/10/2013 13:34,4/10/2013 13:43,0:08:31,,,,,4.70,T64-B13,WT163:S066,Larry,Brent,9,BLK:04 PLN:00 POS:05,MFV 02110,0.4,5/28/2014 10:11,5/28/2014 10:16,0:04:56,"1""",,,0.00,0.40,,,,,,,,0.00,,,,,,,0.00,0.00,,96,MFV 02110,BLK:04 PLN:00 POS:05,252.80,
T059-B02,WT-169:S010,daniel,jason,2,BLK:04 PLN:30 POS:06,MFV 01923,243.20,3/27/2013 15:02,3/27/2013 17:46,2:44:17,stopped due to oil temp problem,,,,243.20,T064-B03,WT-164:S013,galvin,blackmer,1,BLK:04 PLN:30 POS:06,MFV 01923,2.90,4/10/2013 12:04,4/10/2013 12:11,0:07:23,,,,,2.90,T64-B13,WT163:S066,Larry,Brent,9,BLK:04 PLN:30 POS:06,MFV 01923,0.7,5/28/2014 9:11,5/28/2014 9:15,0:04:18,"1/4""",,,0.00,0.70,,,,,,,,0.00,,,,,,,0.00,0.00,,97,MFV 01923,BLK:04 PLN:30 POS:06,246.80,
T059-B02,WT-169:S010,daniel,jason,4,BLK:04 PLN:26 POS:06,MFV 01643,248.80,3/27/2013 15:55,3/27/2013 18:44,2:49:04,stopped due to oil temp problem,,,,248.80,T064-B03,WT-164:S013,galvin,blackmer,1,BLK:04 PLN:26 POS:06,MFV 01643,3.90,4/10/2013 11:48,4/10/2013 11:56,0:08:17,,,,,3.90,T64-B13,WT163:S066,Larry,Brent,9,BLK:04 PLN:26 POS:06,MFV 01643,0.5,5/28/2014 8:51,5/28/2014 9:00,0:09:40,"1/4""",,,0.00,0.50,,,,,,,,0.00,,,,,,,0.00,0.00,,98,MFV 01643,BLK:04 PLN:26 POS:06,253.20,
T059-B02,WT-169:S010,daniel,jason,6,BLK:04 PLN:22 POS:06,MFV 02829,248.80,3/27/2013 15:45,3/27/2013 18:27,2:42:33,stopped due to oil temp problem,,,,248.80,T064-B03,WT-164:S013,galvin,blackmer,1,BLK:04 PLN:22 POS:06,MFV 02829,2.90,4/10/2013 11:37,4/10/2013 11:42,0:05:54,,,,,2.90,,,,,,,,,,,,,,,0.00,0.00,,,,,,,,0.00,,,,,,,0.00,0.00,,99,MFV 02829,BLK:04 PLN:22 POS:06,251.70,
T059-B02,WT-169:S010,daniel,jason,7,BLK:04 PLN:18 POS:06,MFV 02836,247.20,3/27/2013 15:20,3/27/2013 17:59,2:38:48,stopped due to oil temp problem,,,,247.20,T064-B03,WT-164:S013,galvin,blackmer,1,BLK:04 PLN:18 POS:06,MFV 02836,3.70,4/10/2013 11:28,4/10/2013 11:28,0:00:09,,,,,3.70,,,,,,,,,,,,,,,0.00,0.00,,,,,,,,0.00,,,,,,,0.00,0.00,,100,MFV 02836,BLK:04 PLN:18 POS:06,250.90,
T059-B02,WT-169:S010,daniel,jason,8,BLK:04 PLN:14 POS:06,MFV 01987,247.60,3/27/2013 14:51,3/27/2013 16:45,1:53:38,,,,,247.60,T064-B03,WT-164:S013,galvin,blackmer,4,BLK:04 PLN:14 POS:06,MFV 01987,1.60,4/10/2013 12:11,4/10/2013 12:29,0:18:03,,,,,1.60,T64-B13,WT163:S066,Larry,Brent,9,BLK:04 PLN:14 POS:06,MFV 01987,1.4,5/28/2014 8:37,5/28/2014 8:46,0:08:23,"3/4""",,,0.00,1.40,,,,,,,,0.00,,,,,,,0.00,0.00,,101,MFV 01987,BLK:04 PLN:14 POS:06,250.60,
T059-B02,WT-169:S010,daniel,jason,9,BLK:04 PLN:10 POS:06,MFV 02823,247.00,3/27/2013 14:51,3/27/2013 16:46,1:54:31,,,,,247.00,T064-B03,WT-164:S013,galvin,blackmer,4,BLK:04 PLN:10 POS:06,MFV 02823,4.00,4/10/2013 11:58,4/10/2013 12:06,0:08:07,,,,,4.00,,,,,,,,,,,,,,,0.00,0.00,,,,,,,,0.00,,,,,,,0.00,0.00,,102,MFV 02823,BLK:04 PLN:10 POS:06,251.00,
T059-B02,WT-169:S010,daniel,jason,10,BLK:04 PLN:06 POS:06,MFV 01799,248.80,3/27/2013 14:51,3/27/2013 17:37,2:45:11,stopped due to oil temp problem,,,,248.80,T064-B03,WT-164:S013,galvin,blackmer,4,BLK:04 PLN:06 POS:06,MFV 01799,2.80,4/10/2013 11:47,4/10/2013 11:47,0:00:16,,,,,2.80,,,,,,,,,,,,,,,0.00,0.00,,,,,,,,0.00,,,,,,,0.00,0.00,,103,MFV 01799,BLK:04 PLN:06 POS:06,251.60,
T059-B02,WT-169:S010,daniel,jason,11,BLK:04 PLN:02 POS:06,MFV 02066,254.90,3/27/2013 14:51,3/27/2013 17:37,2:45:18,stopped due to oil temp problem,,,,254.90,T064-B03,WT-164:S013,galvin,blackmer,4,BLK:04 PLN:02 POS:06,MFV 02066,1.40,4/10/2013 11:28,4/10/2013 11:29,0:01:32,,,,,1.40,T64-B13,WT163:S066,Larry,Brent,9,BLK:04 PLN:02 POS:06,MFV 02066,0.3,5/28/2014 8:28,5/28/2014 8:30,0:01:43,"1/2""",,,0.00,0.30,,,,,,,,0.00,,,,,,,0.00,0.00,,104,MFV 02066,BLK:04 PLN:02 POS:06,256.60,
T059-B02,WT-169:S010,daniel,jason,8,BLK:04 PLN:12 POS:06,MFV 01951,247.70,3/27/2013 16:46,3/27/2013 19:15,2:29:09,,,,,247.70,T064-B03,WT-164:S013,galvin,blackmer,4,BLK:04 PLN:12 POS:06,MFV 01951,2.50,4/10/2013 12:06,4/10/2013 12:11,0:05:01,,,,,2.50,T64-B13,WT163:S066,Larry,Brent,9,BLK:04 PLN:12 POS:06,MFV 01951,1,5/28/2014 8:31,5/28/2014 8:36,0:05:33,"1/2""",,,0.00,1.00,,,,,,,,0.00,,,,,,,0.00,0.00,,105,MFV 01951,BLK:04 PLN:12 POS:06,251.20,
T059-B02,WT-169:S010,daniel,jason,9,BLK:04 PLN:08 POS:06,MFV 01811,246.70,3/27/2013 16:46,3/27/2013 19:22,2:35:28,,,,,246.70,T064-B03,WT-164:S013,galvin,blackmer,4,BLK:04 PLN:08 POS:06,MFV 01811,4.20,4/10/2013 11:51,4/10/2013 11:57,0:06:23,,,,,4.20,,,,,,,,,,,,,,,0.00,0.00,,,,,,,,0.00,,,,,,,0.00,0.00,,106,MFV 01811,BLK:04 PLN:08 POS:06,250.90,
T59-B02,WT-169:S010,james,wood,2,BLK:04 PLN:28 POS:06,MFV 00699,247.10,3/27/2013 17:47,3/27/2013 20:11,2:23:39,,,,,247.10,T064-B03,WT-164:S013,galvin,blackmer,1,BLK:04 PLN:28 POS:06,MFV 00699,2.20,4/10/2013 11:56,4/10/2013 12:03,0:07:15,,,,,2.20,T64-B13,WT163:S066,Larry,Brent,9,BLK:04 PLN:28 POS:06,MFV 00699,2.1,5/28/2014 9:00,5/28/2014 9:07,0:06:31,"3/8""",,,0.00,2.10,,,,,,,,0.00,,,,,,,0.00,0.00,,107,MFV 00699,BLK:04 PLN:28 POS:06,251.40,
T59-B02,WT-169:S010,james,wood,4,BLK:04 PLN:24 POS:06,MFV 01898,249.30,3/27/2013 18:45,3/27/2013 21:12,2:27:18,,,,,249.30,T064-B03,WT-164:S013,galvin,blackmer,1,BLK:04 PLN:24 POS:06,MFV 01898,2.30,4/10/2013 11:43,4/10/2013 11:48,0:05:15,,,,,2.30,,,,,,,,,,,,,,,0.00,0.00,,,,,,,,0.00,,,,,,,0.00,0.00,,108,MFV 01898,BLK:04 PLN:24 POS:06,251.60,
T59-B02,WT-169:S010,james,wood,6,BLK:04 PLN:20 POS:06,MFV 01953,248.60,3/27/2013 18:28,3/27/2013 20:35,2:07:10,,,,,248.60,T064-B03,WT-164:S013,galvin,blackmer,1,BLK:04 PLN:20 POS:06,MFV 01953,3.40,4/10/2013 11:28,4/10/2013 11:36,0:08:24,,,,,3.40,,,,,,,,,,,,,,,0.00,0.00,,,,,,,,0.00,,,,,,,0.00,0.00,,109,MFV 01953,BLK:04 PLN:20 POS:06,252.00,
T59-B02,WT-169:S010,james,wood,7,BLK:04 PLN:16 POS:06,MFV 01744,248.00,3/27/2013 17:59,3/27/2013 20:15,2:15:45,,,,,248.00,T064-B03,WT-164:S013,galvin,blackmer,1,BLK:04 PLN:16 POS:06,MFV 01744,3.00,4/10/2013 11:14,4/10/2013 11:21,0:06:33,,,,,3.00,T64-B13,WT163:S066,Larry,Brent,9,BLK:04 PLN:16 POS:06,MFV 01744,0.4,5/28/2014 8:48,5/28/2014 8:51,0:02:57,"1/4""",,,0.00,0.40,,,,,,,,0.00,,,,,,,0.00,0.00,,110,MFV 01744,BLK:04 PLN:16 POS:06,251.40,
T59-B02,WT-169:S010,james,wood,8,BLK:04 PLN:14 POS:07,MFV 01956,247.00,3/27/2013 19:15,3/27/2013 21:12,1:56:40,,,,,247.00,T064-B03,WT-164:S013,galvin,blackmer,4,BLK:04 PLN:14 POS:07,MFV 01956,4.10,4/10/2013 10:22,4/10/2013 10:30,0:08:06,,,,,4.10,,,,,,,,,,,,,,,0.00,0.00,,,,,,,,0.00,,,,,,,0.00,0.00,,111,MFV 01956,BLK:04 PLN:14 POS:07,251.10,
T59-B02,WT-169:S010,james,wood,9,BLK:04 PLN:10 POS:07,MFV 01740,245.90,3/27/2013 19:22,3/27/2013 21:12,1:50:00,,,,,245.90,T064-B03,WT-164:S013,galvin,blackmer,4,BLK:04 PLN:10 POS:07,MFV 01740,5.00,4/10/2013 10:07,4/10/2013 10:15,0:07:59,,,,,5.00,,,,,,,,,,,,,,,0.00,0.00,,,,,,,,0.00,,,,,,,0.00,0.00,,112,MFV 01740,BLK:04 PLN:10 POS:07,250.90,
T59-B02,WT-169:S010,james,wood,10,BLK:04 PLN:04 POS:06,MFV 02682,247.50,3/27/2013 17:37,3/27/2013 20:10,2:32:48,,,,,247.50,T064-B03,WT-164:S013,galvin,blackmer,4,BLK:04 PLN:04 POS:06,MFV 02682,2.30,4/10/2013 11:30,4/10/2013 11:37,0:07:28,,,,,2.30,,,,,,,,,,,,,,,0.00,0.00,,,,,,,,0.00,,,,,,,0.00,0.00,,113,MFV 02682,BLK:04 PLN:04 POS:06,249.80,
T59-B02,WT-169:S010,james,wood,11,BLK:04 PLN:00 POS:06,MFV 02708,249.90,3/27/2013 17:37,3/27/2013 20:10,2:32:27,,,,,249.90,T064-B03,WT-164:S013,galvin,blackmer,4,BLK:04 PLN:00 POS:06,MFV 02708,8.00,4/10/2013 11:14,4/10/2013 11:21,0:06:27,,,,,8.00,T64-B13,WT163:S066,Larry,Brent,9,BLK:04 PLN:00 POS:06,MFV 02708,0.8,5/28/2014 8:23,5/28/2014 8:27,0:04:33,"3/8""",,,0.00,0.80,,,,,,,,0.00,,,,,,,0.00,0.00,,114,MFV 02708,BLK:04 PLN:00 POS:06,258.70,
T59-B02,WT-169:S010,james,wood,2,BLK:04 PLN:30 POS:07,MFV 02833,247.40,3/27/2013 20:11,3/27/2013 22:11,2:00:22,,,,,247.40,T064-B03,WT-164:S013,galvin,blackmer,1,BLK:04 PLN:30 POS:07,MFV 02833,3.20,4/10/2013 10:18,4/10/2013 10:25,0:07:44,,,,,3.20,T64-B13,WT163:S066,Larry,Brent,9,BLK:04 PLN:30 POS:07,MFV 02833,0.5,5/28/2014 7:30,5/28/2014 7:35,0:05:00,"1/4""",,,0.00,0.50,,,,,,,,0.00,,,,,,,0.00,0.00,,115,MFV 02833,BLK:04 PLN:30 POS:07,251.10,
T59-B02,WT-169:S010,james,wood,4,BLK:04 PLN:26 POS:07,MFV 01633,180.30,3/27/2013 20:49,3/27/2013 23:48,2:58:18,tanker swap,T59-B02,WT-116:S012,68.30,248.60,T064-B03,WT-164:S013,galvin,blackmer,1,BLK:04 PLN:26 POS:07,MFV 01633,5.90,4/10/2013 10:03,4/10/2013 10:15,0:12:22,,,,,5.90,,,,,,,,,,,,,,,0.00,0.00,,,,,,,,0.00,,,,,,,0.00,0.00,,116,MFV 01633,BLK:04 PLN:26 POS:07,254.50,
T59-B02,WT-169:S010,james,wood,6,BLK:04 PLN:22 POS:07,MFV 04501,212.20,3/27/2013 20:35,3/27/2013 23:30,2:54:28,tanker swap,T59-B02,WT-116:S012,33.20,245.40,T064-B03,WT-164:S013,galvin,blackmer,1,BLK:04 PLN:22 POS:07,MFV 04501,3.30,4/10/2013 9:50,4/10/2013 9:57,0:06:34,,,,,3.30,,,,,,,,,,,,,,,0.00,0.00,,,,,,,,0.00,,,,,,,0.00,0.00,,117,MFV 04501,BLK:04 PLN:22 POS:07,248.70,
T59-B02,WT-169:S010,james,wood,7,BLK:04 PLN:18 POS:07,MFV 04497,245.80,3/27/2013 20:15,3/27/2013 22:11,1:55:46,,,,,245.80,T064-B03,WT-164:S013,galvin,blackmer,1,BLK:04 PLN:18 POS:07,MFV 04497,2.20,4/10/2013 9:38,4/10/2013 9:43,0:05:03,,,,,2.20,T64-B13,T163:SO66,Larry,Jay,9,BLK:04 PLN:18 POS:07,MFV 04497,0.9,5/27/2014 16:26,5/27/2014 16:30,0:04:19,"1/4""",,,0.00,0.90,,,,,,,,0.00,,,,,,,0.00,0.00,,118,MFV 04497,BLK:04 PLN:18 POS:07,248.90,
T59-B02,WT-169:S010,james,wood,8,BLK:04 PLN:12 POS:07,MFV 01950,144.70,3/27/2013 21:12,3/28/2013 0:03,2:51:12,tanker swap,T59-B02,WT-116:S012,103.80,248.50,T064-B03,WT-164:S013,galvin,blackmer,4,BLK:04 PLN:12 POS:07,MFV 01950,2.30,4/10/2013 10:16,4/10/2013 10:21,0:04:43,,,,,2.30,,,,,,,,,,,,,,,0.00,0.00,,,,,,,,0.00,,,,,,,0.00,0.00,,119,MFV 01950,BLK:04 PLN:12 POS:07,250.80,
T59-B02,WT-169:S010,james,wood,9,BLK:04 PLN:08 POS:07,MFV 01764,150.10,3/27/2013 21:10,3/28/2013 0:02,2:51:50,tanker swap,T59-B02,WT-116:S012,99.40,249.50,T064-B03,WT-164:S013,galvin,blackmer,4,BLK:04 PLN:08 POS:07,MFV 01764,1.70,4/10/2013 10:00,4/10/2013 10:15,0:14:57,,,,,1.70,,,,,,,,,,,,,,,0.00,0.00,,,,,,,,0.00,,,,,,,0.00,0.00,,120,MFV 01764,BLK:04 PLN:08 POS:07,251.20,
T59-B02,WT-169:S010,james,wood,10,BLK:04 PLN:06 POS:07,MFV 02827,247.30,3/27/2013 20:10,3/27/2013 22:09,1:58:34,,,,,247.30,T064-B03,WT-164:S013,galvin,blackmer,4,BLK:04 PLN:06 POS:07,MFV 02827,3.10,4/10/2013 9:51,4/10/2013 10:00,0:09:51,,,,,3.10,T64-B13,T163:SO66,Larry,Jay,9,BLK:04 PLN:06 POS:07,MFV 02827,0.5,5/27/2014 16:20,5/27/2014 16:25,0:04:45,"1/4""",,,0.00,0.50,,,,,,,,0.00,,,,,,,0.00,0.00,,121,MFV 02827,BLK:04 PLN:06 POS:07,250.90,
T59-B02,WT-169:S010,james,wood,11,BLK:04 PLN:02 POS:07,MFV 02695,248.50,3/27/2013 20:10,3/27/2013 22:07,1:56:14,,,,,248.50,T064-B03,WT-164:S013,galvin,blackmer,4,BLK:04 PLN:02 POS:07,MFV 02695,2.70,4/10/2013 9:35,4/10/2013 9:41,0:05:49,,,,,2.70,,,,,,,,,,,,,,,0.00,0.00,,,,,,,,0.00,,,,,,,0.00,0.00,,122,MFV 02695,BLK:04 PLN:02 POS:07,251.20,
T59-B02,WT-169:S010,james,wood,2,BLK:04 PLN:28 POS:07,MFV 03773,19.00,3/27/2013 22:11,3/28/2013 1:01,2:49:15,tanker swap,T59-B02,WT-116:S012,224.30,243.30,T064-B03,WT-164:S013,galvin,blackmer,1,BLK:04 PLN:28 POS:07,MFV 03773,9.00,4/10/2013 10:09,4/10/2013 10:15,0:06:07,,,,,9.00,T64-B13,WT163:S066,Larry,Brent,9,BLK:04 PLN:28 POS:07,MFV 03773,1.8,5/28/2014 7:22,5/28/2014 7:29,0:07:07,"1/2""",,,0.00,1.80,,,,,,,,0.00,,,,,,,0.00,0.00,,123,MFV 03773,BLK:04 PLN:28 POS:07,254.10,
T59-B02,WT-116:S012,james,wood,4,BLK:04 PLN:24 POS:07,MFV 04492,246.30,3/27/2013 23:49,3/28/2013 1:52,2:03:47,,,,,246.30,T064-B03,WT-164:S013,galvin,blackmer,1,BLK:04 PLN:24 POS:07,MFV 04492,2.50,4/10/2013 9:57,4/10/2013 10:02,0:05:45,,,,,2.50,,,,,,,,,,,,,,,0.00,0.00,,,,,,,,0.00,,,,,,,0.00,0.00,,124,MFV 04492,BLK:04 PLN:24 POS:07,248.80,
T59-B02,WT-116:S012,james,wood,6,BLK:04 PLN:20 POS:07,MFV 02728,248.90,3/27/2013 23:31,3/28/2013 1:32,2:00:41,,,,,248.90,T064-B03,WT-164:S013,galvin,blackmer,1,BLK:04 PLN:20 POS:07,MFV 02728,2.20,4/10/2013 9:43,4/10/2013 9:50,0:06:58,,,,,2.20,,,,,,,,,,,,,,,0.00,0.00,,,,,,,,0.00,,,,,,,0.00,0.00,,125,MFV 02728,BLK:04 PLN:20 POS:07,251.10,
T59-B02,WT-169:S010,james,wood,7,BLK:04 PLN:16 POS:07,MFV 01751,20.10,3/27/2013 22:12,3/28/2013 1:00,2:48:30,tanker swap,T59-B02,WT-116:s012,224.87,244.97,T064-B03,WT-164:S013,galvin,blackmer,1,BLK:04 PLN:16 POS:07,MFV 01751,6.30,4/10/2013 9:28,4/10/2013 9:38,0:09:43,,,,,6.30,,,,,,,,,,,,,,,0.00,0.00,,,,,,,,0.00,,,,,,,0.00,0.00,,126,MFV 01751,BLK:04 PLN:16 POS:07,251.27,
T59-B02,WT-116:S012,james,wood,8,BLK:04 PLN:14 POS:08,MFV 01977,244.00,3/28/2013 0:03,3/28/2013 2:05,2:01:42,,,,,244.00,T064-B03,WT-164:S013,galvin,blackmer,4,BLK:04 PLN:14 POS:08,MFV 01977,4.40,4/10/2013 8:31,4/10/2013 8:40,0:09:25,,,,,4.40,,,,,,,,,,,,,,,0.00,0.00,,,,,,,,0.00,,,,,,,0.00,0.00,,127,MFV 01977,BLK:04 PLN:14 POS:08,248.40,
T59-B02,WT-116:S012,james,wood,9,BLK:04 PLN:10 POS:08,MFV 01781,248.60,3/28/2013 0:03,3/28/2013 2:04,2:01:34,,,,,248.60,T064-B03,WT-164:S013,galvin,blackmer,4,BLK:04 PLN:10 POS:08,MFV 01781,1.30,4/10/2013 8:21,4/10/2013 8:24,0:02:50,,,,,1.30,T64-B13,T163:SO66,Larry,Jay,9,BLK:04 PLN:10 POS:08,MFV 01781,2.1,5/27/2014 13:41,5/27/2014 13:50,0:09:42,"1""",,,0.00,2.10,,,,,,,,0.00,,,,,,,0.00,0.00,,128,MFV 01781,BLK:04 PLN:10 POS:08,252.00,
T59-B02,WT-169:S010,james,wood,10,BLK:04 PLN:04 POS:07,MFV 01795,23.80,3/27/2013 22:09,3/28/2013 0:58,2:48:53,tanker swap,T59-B02,WT-116:S012,221.90,245.70,T064-B03,WT-164:S013,galvin,blackmer,4,BLK:04 PLN:04 POS:07,MFV 01795,3.50,4/10/2013 9:42,4/10/2013 9:50,0:08:55,,,,,3.50,T64-B13,T163:SO66,Larry,Jay,9,BLK:04 PLN:04 POS:07,MFV 01795,0.7,5/27/2014 16:16,5/27/2014 16:19,0:03:52,"1/4""",,,0.00,0.70,,,,,,,,0.00,,,,,,,0.00,0.00,,129,MFV 01795,BLK:04 PLN:04 POS:07,249.90,
T59-B02,WT-169:S010,james,wood,11,BLK:04 PLN:00 POS:07,MFV 02705,30.20,3/27/2013 22:07,3/28/2013 0:57,2:50:28,tanker swap,T59-B02,WT-116:S012,217.50,247.70,T064-B03,WT-164:S013,galvin,blackmer,4,BLK:04 PLN:00 POS:07,MFV 02705,3.40,4/10/2013 9:28,4/10/2013 9:35,0:07:31,,,,,3.40,T64-B13,T163:SO66,Larry,Jay,9,BLK:04 PLN:00 POS:07,MFV 02705,1,5/27/2014 16:09,5/27/2014 16:15,0:06:00,"1/2""",,,0.00,1.00,,,,,,,,0.00,,,,,,,0.00,0.00,,130,MFV 02705,BLK:04 PLN:00 POS:07,252.10,
T59-B02,WT-116:S012,james,wood,2,BLK:04 PLN:30 POS:08,MFV 01670,247.80,3/28/2013 1:01,3/28/2013 3:06,2:04:11,,,,,247.80,T064-B03,WT-164:S013,galvin,blackmer,9,BLK:04 PLN:30 POS:08,MFV 01670,3.20,4/10/2013 8:42,4/10/2013 8:50,0:08:36,,,,,3.20,,,,,,,,,,,,,,,0.00,0.00,,,,,,,,0.00,,,,,,,0.00,0.00,,131,MFV 01670,BLK:04 PLN:30 POS:08,251.00,
T59-B02,WT-116:S012,james,wood,4,BLK:04 PLN:26 POS:08,MFV 00618,246.90,3/28/2013 1:53,3/28/2013 7:42,5:49:04,,,,,246.90,T064-B03,WT-164:S013,galvin,blackmer,9,BLK:04 PLN:26 POS:08,MFV 00618,2.50,4/10/2013 8:21,4/10/2013 8:29,0:07:14,,,,,2.50,T64-B13,T163:SO66,Larry,Jay,9,BLK:04 PLN:26 POS:08,MFV 00618,2.2,5/27/2014 14:42,5/27/2014 14:50,0:08:17,"1""",,,0.00,2.20,,,,,,,,0.00,,,,,,,0.00,0.00,,132,MFV 00618,BLK:04 PLN:26 POS:08,251.60,
T59-B02,WT-116:S012,james,wood,6,BLK:04 PLN:22 POS:08,MFV 01949,246.10,3/28/2013 1:33,3/28/2013 7:10,5:36:35,,,,,246.10,T064-B03,WT-164:S013,galvin,blackmer,9,BLK:04 PLN:22 POS:08,MFV 01949,4.90,4/10/2013 8:04,4/10/2013 8:13,0:08:58,,,,,4.90,T64-B13,T163:SO66,Larry,Jay,9,BLK:04 PLN:22 POS:08,MFV 01949,1.1,5/27/2014 14:36,5/27/2014 14:41,0:04:33,"1/2""",,,0.00,1.10,,,,,,,,0.00,,,,,,,0.00,0.00,,133,MFV 01949,BLK:04 PLN:22 POS:08,252.10,
T59-B02,WT-116:S012,james,wood,7,BLK:04 PLN:18 POS:08,MFV 01981,246.20,3/28/2013 1:02,3/28/2013 3:02,2:00:52,,,,,246.20,T064-B03,WT-164:S013,galvin,blackmer,9,BLK:04 PLN:18 POS:08,MFV 01981,1.10,4/10/2013 7:44,4/10/2013 7:44,0:00:24,,,,,1.10,T64-B13,T163:SO66,Larry,Jay,9,BLK:04 PLN:18 POS:08,MFV 01981,3.1,5/27/2014 14:11,5/27/2014 14:24,0:13:15,"1 1/8""",,,0.00,3.10,,,,,,,,0.00,,,,,,,0.00,0.00,,134,MFV 01981,BLK:04 PLN:18 POS:08,250.40,
T59-B02,WT-116:S012,james,wood,8,BLK:04 PLN:12 POS:08,MFV 01909,248.00,3/28/2013 2:05,3/28/2013 7:46,5:40:16,,,,,248.00,T064-B03,WT-164:S013,galvin,blackmer,4,BLK:04 PLN:12 POS:08,MFV 01909,1.60,4/10/2013 8:24,4/10/2013 8:31,0:06:06,,,,,1.60,T64-B13,T163:SO66,Larry,Jay,9,BLK:04 PLN:12 POS:08,MFV 01909,1.4,5/27/2014 13:53,5/27/2014 14:00,0:07:08,"3/4""",,,0.00,1.40,,,,,,,,0.00,,,,,,,0.00,0.00,,135,MFV 01909,BLK:04 PLN:12 POS:08,251.00,
T59-B02,WT-116:S012,james,wood,9,BLK:04 PLN:08 POS:08,MFV 01805,246.10,3/28/2013 2:04,3/28/2013 7:42,5:37:04,,,,,246.10,T064-B03,WT-164:S013,galvin,blackmer,4,BLK:04 PLN:08 POS:08,MFV 01805,4.50,4/10/2013 8:11,4/10/2013 8:18,0:07:01,,,,,4.50,,,,,,,,,,,,,,,0.00,0.00,,,,,,,,0.00,,,,,,,0.00,0.00,,136,MFV 01805,BLK:04 PLN:08 POS:08,250.60,
T59-B02,WT-116:S012,james,wood,10,BLK:04 PLN:06 POS:08,MFV 01798,245.80,3/28/2013 1:01,3/28/2013 3:01,1:59:16,,,,,245.80,T064-B03,WT-164:S013,galvin,blackmer,4,BLK:04 PLN:06 POS:08,MFV 01798,4.10,4/10/2013 8:04,4/10/2013 8:11,0:06:21,,,,,4.10,T64-B13,T163:SO66,Larry,Jay,9,BLK:04 PLN:06 POS:08,MFV 01798,2,5/27/2014 13:31,5/27/2014 13:40,0:08:10,"3/4""",,,0.00,2.00,,,,,,,,0.00,,,,,,,0.00,0.00,,137,MFV 01798,BLK:04 PLN:06 POS:08,251.90,
T59-B02,WT-116:S012,james,wood,11,BLK:04 PLN:02 POS:08,MFV 01827,246.30,3/28/2013 0:58,3/28/2013 2:59,2:01:06,,,,,246.30,T064-B03,WT-164:S013,galvin,blackmer,4,BLK:04 PLN:02 POS:08,MFV 01827,2.30,4/10/2013 7:57,4/10/2013 7:58,0:01:04,,,,,2.30,T64-B13,T163:SO66,Larry,Jay,9,BLK:04 PLN:02 POS:08,MFV 01827,4,5/27/2014 13:05,5/27/2014 13:23,0:18:48,"3/4""",,,0.00,4.00,,,,,,,,0.00,,,,,,,0.00,0.00,,138,MFV 01827,BLK:04 PLN:02 POS:08,252.60,
T59-B02,WT-116:S012,james,wood,2,BLK:04 PLN:28 POS:08,MFV 00634,245.30,3/28/2013 3:06,3/28/2013 8:43,5:37:22,,,,,245.30,T064-B03,WT-164:S013,galvin,blackmer,9,BLK:04 PLN:28 POS:08,MFV 00634,2.90,4/10/2013 8:29,4/10/2013 8:36,0:06:33,,,,,2.90,T64-B13,T163:SO66,Larry,Jay,9,BLK:04 PLN:28 POS:08,MFV 00634,2.2,5/27/2014 14:51,5/27/2014 14:59,0:08:35,"1""",,,0.00,2.20,,,,,,,,0.00,,,,,,,0.00,0.00,,139,MFV 00634,BLK:04 PLN:28 POS:08,250.40,
T59-B02,WT-116:S012,james,wood,7,BLK:04 PLN:16 POS:08,MFV 04528,250.40,3/28/2013 3:03,3/28/2013 8:52,5:48:46,,,,,250.40,T064-B03,WT-164:S013,galvin,blackmer,9,BLK:04 PLN:16 POS:08,MFV 04528,0.70,4/10/2013 7:38,4/10/2013 7:41,0:03:01,,,,,0.70,T64-B13,T163:SO66,Larry,Jay,9,BLK:04 PLN:16 POS:08,MFV 04528,2.1,5/27/2014 14:02,5/27/2014 14:13,0:11:35,"1""",,,0.00,2.10,,,,,,,,0.00,,,,,,,0.00,0.00,,140,MFV 04528,BLK:04 PLN:16 POS:08,253.20,
T59-B02,WT-116:S012,james,wood,10,BLK:04 PLN:04 POS:08,MFV 04540,246.10,3/28/2013 3:01,3/28/2013 9:06,6:05:32,,,,,246.10,T064-B03,WT-164:S013,galvin,blackmer,4,BLK:04 PLN:04 POS:08,MFV 04540,1.60,4/10/2013 7:59,4/10/2013 8:03,0:03:59,,,,,1.60,T64-B13,T163:SO66,Larry,Jay,9,BLK:04 PLN:04 POS:08,MFV 04540,1.4,5/27/2014 13:29,5/27/2014 13:31,0:01:52,"3/4""",,,0.00,1.40,,,,,,,,0.00,,,,,,,0.00,0.00,,141,MFV 04540,BLK:04 PLN:04 POS:08,249.10,
T59-B02,WT-116:S012,james,wood,11,BLK:04 PLN:00 POS:08,MFV 02869,247.50,3/28/2013 3:00,3/28/2013 8:49,5:49:28,,,,,247.50,T064-B03,WT-164:S013,galvin,blackmer,4,BLK:04 PLN:00 POS:08,MFV 02869,0.08,4/10/2013 7:38,4/10/2013 7:41,0:03:25,,,,,0.08,T64-B13,T163:SO66,Larry,Jay,9,BLK:04 PLN:00 POS:08,MFV 02869,1.4,5/27/2014 12:58,5/27/2014 13:04,0:05:52,"1/2""",,,0.00,1.40,,,,,,,,0.00,,,,,,,0.00,0.00,,142,MFV 02869,BLK:04 PLN:00 POS:08,248.98,
T059-B02,WT-116:S012,daniel,jason,4,BLK:04 PLN:24 POS:08,MFV 01914,250.10,3/28/2013 7:42,3/28/2013 10:06,2:23:33,,,,,250.10,T064-B03,WT-164:S013,galvin,blackmer,9,BLK:04 PLN:24 POS:08,MFV 01914,1.50,4/10/2013 8:18,4/10/2013 8:21,0:03:22,,,,,1.50,,,,,,,,,,,,,,,0.00,0.00,,,,,,,,0.00,,,,,,,0.00,0.00,,143,MFV 01914,BLK:04 PLN:24 POS:08,251.60,
T059-B02,WT-116:S012,daniel,jason,6,BLK:04 PLN:20 POS:08,MFV 02743,250.80,3/28/2013 7:10,3/28/2013 10:06,2:55:07,,,,,250.80,T064-B03,WT-164:S013,galvin,blackmer,9,BLK:04 PLN:20 POS:08,MFV 02743,0.40,4/10/2013 7:58,4/10/2013 7:58,0:00:23,,,,,0.40,T64-B13,T163:SO66,Larry,Jay,9,BLK:04 PLN:20 POS:08,MFV 02743,2.8,5/27/2014 14:25,5/27/2014 14:36,0:11:06,"1 1/4""",,,0.00,2.80,,,,,,,,0.00,,,,,,,0.00,0.00,,144,MFV 02743,BLK:04 PLN:20 POS:08,254.00,
T059-B02,WT-116:S012,daniel,jason,6,BLK:04 PLN:30 POS:09,MFV 00621,101.40,3/28/2013 10:20,4/1/2013 12:02,1:41:52,tanker swap,T059-B02,WT-165:S012,150.00,251.40,T064-B03,WT-164:S013,jason,tommy,9,BLK:04 PLN:30 POS:09,MFV 00621,2.10,4/10/2013 3:00,4/10/2013 3:06,0:06:22,,,,,2.10,T64-B13,T163:SO66,Larry,Jay,9,BLK:04 PLN:30 POS:09,MFV 00621,0.5,5/27/2014 10:41,5/27/2014 10:44,0:02:40,"1/4""",,,0.00,0.50,,,,,,,,0.00,,,,,,,0.00,0.00,,145,MFV 00621,BLK:04 PLN:30 POS:09,254.00,
T059-B02,WT-116:S012,daniel,jason,2,BLK:04 PLN:26 POS:09,MFV 01622,104.40,3/28/2013 10:20,4/1/2013 10:58,96:37:30,tanker swap,T059-B02,WT-165:S012,143.30,247.70,T064-B03,WT-164:S013,jason,tommy,9,BLK:04 PLN:26 POS:09,MFV 01622,0.80,4/10/2013 2:46,4/10/2013 2:54,0:07:22,,,,,0.80,T64-B13,T163:SO66,Larry,Jay,9,BLK:04 PLN:26 POS:09,MFV 01622,0.6,5/27/2014 10:31,5/27/2014 10:35,0:04:05,"1/4""",,,0.00,0.60,,,,,,,,0.00,,,,,,,0.00,0.00,,146,MFV 01622,BLK:04 PLN:26 POS:09,249.10,
T059-B02,WT-116:S012,daniel,jason,3,BLK:04 PLN:22 POS:09,MFV 01988,103.00,3/28/2013 10:20,4/1/2013 10:58,96:37:30,tanker swap,T059-B02,WT-165:S012,152.00,255.00,T064-B03,WT-164:S013,jason,tommy,9,BLK:04 PLN:22 POS:09,MFV 01988,1.10,4/10/2013 2:31,4/10/2013 2:36,0:05:27,,,,,1.10,T64-B13,T163:SO66,Larry,Jay,9,BLK:04 PLN:22 POS:09,MFV 01988,1.3,5/27/2014 10:14,5/27/2014 10:23,0:08:17,"1/2""",,,0.00,1.30,,,,,,,,0.00,,,,,,,0.00,0.00,,147,MFV 01988,BLK:04 PLN:22 POS:09,257.40,
T059-B02,WT-116:S012,daniel,jason,7,BLK:04 PLN:18 POS:09,MFV 01980,106.30,3/28/2013 10:20,4/1/2013 10:58,96:37:31,tanker swap,T059-B02,WT-165:S012,144.70,251.00,T064-B03,WT-164:S013,jason,tommy,9,BLK:04 PLN:18 POS:09,MFV 01980,4.60,4/10/2013 2:08,4/10/2013 2:20,0:11:20,,,,,4.60,T64-B13,T163:SO66,Larry,Jay,9,BLK:04 PLN:18 POS:09,MFV 01980,0.4,5/27/2014 10:02,5/27/2014 10:04,0:02:25,"1/8""",,,0.00,0.40,,,,,,,,0.00,,,,,,,0.00,0.00,,148,MFV 01980,BLK:04 PLN:18 POS:09,256.00,
T059-B02,WT-116:S012,daniel,jason,8,BLK:04 PLN:14 POS:09,MFV 01985,105.70,3/28/2013 10:21,4/1/2013 10:58,96:37:33,tanker swap,T059-B02,WT-165:S012,149.00,254.70,T064-B03,WT-164:S013,jason,tommy,4,BLK:04 PLN:14 POS:09,MFV 01985,4.30,4/10/2013 3:00,4/10/2013 3:06,0:06:27,,,,,4.30,T64-B13,T163:SO66,Larry,Jay,9,BLK:04 PLN:14 POS:09,MFV 01985,3.9,5/27/2014 9:39,5/27/2014 9:58,0:19:15,"1 1/2""",,,0.00,3.90,,,,,,,,0.00,,,,,,,0.00,0.00,,149,MFV 01985,BLK:04 PLN:14 POS:09,262.90,
T059-B02,WT-116:S012,daniel,jason,9,BLK:04 PLN:10 POS:09,MFV 02828,106.00,3/28/2013 10:21,4/1/2013 10:58,96:37:35,tanker swap,T059-B02,WT-165:S012,148.70,254.70,T064-B03,WT-164:S013,jason,tommy,4,BLK:04 PLN:10 POS:09,MFV 02828,3.40,4/10/2013 2:46,4/10/2013 2:53,0:07:13,,,,,3.40,T64-B13,T163:SO66,Larry,Jay,9,BLK:04 PLN:10 POS:09,MFV 02828,0.8,5/27/2014 9:26,5/27/2014 9:32,0:06:01,"1/4""",,,0.00,0.80,,,,,,,,0.00,,,,,,,0.00,0.00,,150,MFV 02828,BLK:04 PLN:10 POS:09,258.90,
T059-B02,WT-116:S012,daniel,jason,10,BLK:04 PLN:06 POS:09,MFV 02749,106.70,3/28/2013 10:21,4/1/2013 10:58,96:37:35,tanker swap,T059-B02,WT-165:S012,147.40,254.10,T064-B03,WT-164:S013,jason,tommy,4,BLK:04 PLN:06 POS:09,MFV 02749,1.50,4/10/2013 2:31,4/10/2013 2:36,0:05:33,,,,,1.50,T64-B13,WT163:S066,Larry,Brent,9,BLK:04 PLN:06 POS:09,MFV 02749,1.3,5/23/2014 14:26,5/23/2014 14:31,0:05:33,"1/4""",,,0.00,1.30,,,,,,,,0.00,,,,,,,0.00,0.00,,151,MFV 02749,BLK:04 PLN:06 POS:09,256.90,
T059-B02,WT-116:S012,daniel,jason,11,BLK:04 PLN:02 POS:09,MFV 02056,109.40,3/28/2013 10:21,4/1/2013 10:58,96:37:36,tanker swap ,T059-B02,WT-165:S012,142.50,251.90,T064-B03,WT-164:S013,jason,tommy,4,BLK:04 PLN:02 POS:09,MFV 02056,3.10,4/10/2013 2:08,4/10/2013 2:20,0:11:22,,,,,3.10,T64-B13,WT163:S066,Larry,Brent,9,BLK:04 PLN:02 POS:09,MFV 02056,2.7,5/23/2014 14:03,5/23/2014 14:19,0:15:49,"1 1/2""",,,0.00,2.70,,,,,,,,0.00,,,,,,,0.00,0.00,,152,MFV 02056,BLK:04 PLN:02 POS:09,257.70,
T059-B02,WT-165:S012,blackmer,galvin,6,BLK:04 PLN:28 POS:09,MFV 00641,250.20,4/1/2013 12:04,4/1/2013 14:09,2:04:13,,,,,250.20,T064-B03,WT-164:S013,jason,tommy,9,BLK:04 PLN:28 POS:09,MFV 00641,1.80,4/10/2013 2:54,4/10/2013 2:59,0:05:37,,,,,1.80,T64-B13,T163:SO66,Larry,Jay,9,BLK:04 PLN:28 POS:09,MFV 00641,1,5/27/2014 10:36,5/27/2014 10:41,0:05:17,"1/4""",,,0.00,1.00,,,,,,,,0.00,,,,,,,0.00,0.00,,153,MFV 00641,BLK:04 PLN:28 POS:09,253.00,
T059-B02,WT-165:S012,blackmer,galvin,2,BLK:04 PLN:24 POS:09,MFV 01928,248.90,4/1/2013 9:54,4/1/2013 12:08,2:13:52,,,,,248.90,T064-B03,WT-164:S013,jason,tommy,9,BLK:04 PLN:24 POS:09,MFV 01928,1.00,4/10/2013 2:36,4/10/2013 2:46,0:09:16,,,,,1.00,T64-B13,T163:SO66,Larry,Jay,9,BLK:04 PLN:24 POS:09,MFV 01928,1.4,5/27/2014 10:23,5/27/2014 10:30,0:07:08,"1/2""",,,0.00,1.40,,,,,,,,0.00,,,,,,,0.00,0.00,,154,MFV 01928,BLK:04 PLN:24 POS:09,251.30,
T059-B02,WT-165:S012,blackmer,galvin,3,BLK:04 PLN:20 POS:09,MFV 01748,249.60,4/1/2013 9:58,4/1/2013 12:15,2:16:19,,,,,249.60,T064-B03,WT-164:S013,jason,tommy,9,BLK:04 PLN:20 POS:09,MFV 01748,1.30,4/10/2013 2:24,4/10/2013 2:30,0:05:44,,,,,1.30,T64-B13,T163:SO66,Larry,Jay,9,BLK:04 PLN:20 POS:09,MFV 01748,1.9,5/27/2014 10:05,5/27/2014 10:14,0:08:23,"3/4""",,,0.00,1.90,,,,,,,,0.00,,,,,,,0.00,0.00,,155,MFV 01748,BLK:04 PLN:20 POS:09,252.80,
T059-B02,WT-165:S012,blackmer,galvin,7,BLK:04 PLN:16 POS:09,MFV 01769,247.90,4/1/2013 9:59,4/1/2013 12:15,2:15:24,,,,,247.90,T064-B03,WT-164:S013,jason,tommy,9,BLK:04 PLN:16 POS:09,MFV 01769,2.70,4/10/2013 1:56,4/10/2013 2:08,0:11:41,,,,,2.70,,,,,,,,,,,,,,,0.00,0.00,,,,,,,,0.00,,,,,,,0.00,0.00,,156,MFV 01769,BLK:04 PLN:16 POS:09,250.60,
T059-B02,WT-165:S012,blackmer,galvin,8,BLK:04 PLN:12 POS:09,MFV 01957,248.90,4/1/2013 10:03,4/1/2013 12:15,2:11:51,,,,,248.90,T064-B03,WT-164:S013,jason,tommy,4,BLK:04 PLN:12 POS:09,MFV 01957,0.70,4/10/2013 2:54,4/10/2013 2:59,0:05:33,,,,,0.70,T64-B13,T163:SO66,Larry,Jay,9,BLK:04 PLN:12 POS:09,MFV 01957,0.9,5/27/2014 9:33,5/27/2014 9:38,0:05:34,"1/4""",,,0.00,0.90,,,,,,,,0.00,,,,,,,0.00,0.00,,157,MFV 01957,BLK:04 PLN:12 POS:09,250.50,
T059-B02,WT-165:S012,blackmer,galvin,9,BLK:04 PLN:08 POS:09,MFV 01816,247.60,4/1/2013 10:08,4/1/2013 12:25,2:16:50,,,,,247.60,T064-B03,WT-164:S013,jason,tommy,4,BLK:04 PLN:08 POS:09,MFV 01816,1.80,4/10/2013 2:37,4/10/2013 2:46,0:09:12,,,,,1.80,T64-B13,WT163:S066,Larry,Brent,9,BLK:04 PLN:08 POS:09,MFV 01816,2.2,5/23/2014 14:32,5/23/2014 14:41,0:08:55,"1/4""",,,0.00,2.20,,,,,,,,0.00,,,,,,,0.00,0.00,,158,MFV 01816,BLK:04 PLN:08 POS:09,251.60,
T059-B02,WT-165:S012,blackmer,galvin,10,BLK:04 PLN:04 POS:09,MFV 02847,249.60,4/1/2013 10:30,4/1/2013 12:32,2:02:15,,,,,249.60,T064-B03,WT-164:S013,jason,tommy,4,BLK:04 PLN:04 POS:09,MFV 02847,0.60,4/10/2013 2:25,4/10/2013 2:30,0:05:49,,,,,0.60,T64-B13,WT163:S066,Larry,Brent,9,BLK:04 PLN:04 POS:09,MFV 02847,1,5/23/2014 14:19,5/23/2014 14:25,0:05:51,"1/4""",,,0.00,1.00,,,,,,,,0.00,,,,,,,0.00,0.00,,159,MFV 02847,BLK:04 PLN:04 POS:09,251.20,
T059-B02,WT-165:S012,blackmer,galvin,11,BLK:04 PLN:00 POS:09,MFV 03953,245.00,4/1/2013 10:50,4/1/2013 12:48,1:58:17,,,,,245.00,T064-B03,WT-164:S013,jason,tommy,4,BLK:04 PLN:00 POS:09,MFV 03953,1.90,4/10/2013 1:56,4/10/2013 2:08,0:11:43,,,,,1.90,T64-B13,WT163:S066,Larry,Brent,9,BLK:04 PLN:00 POS:09,MFV 03953,2.8,5/23/2014 13:43,5/23/2014 14:02,0:18:34,"1 1/8""",,,0.00,2.80,,,,,,,,0.00,,,,,,,0.00,0.00,,160,MFV 03953,BLK:04 PLN:00 POS:09,249.70,
T059-B02,WT-165:S012,blackmer,galvin,6,BLK:04 PLN:30 POS:10,MFV 02834,248.80,4/1/2013 14:09,4/1/2013 16:29,2:20:06,,,,,248.80,T064-B03,WT-164:S013,jason,tommy,9,BLK:04 PLN:30 POS:10,MFV 02834,2.80,4/10/2013 1:19,4/10/2013 1:25,0:06:16,,,,,2.80,T64-B13,WT163:S066,Larry,Brent,9,BLK:04 PLN:30 POS:10,MFV 02834,0.4,5/23/2014 10:35,5/23/2014 10:46,0:11:25,"1/4""",,,0.00,0.40,,,,,,,,0.00,,,,,,,0.00,0.00,,161,MFV 02834,BLK:04 PLN:30 POS:10,252.00,
T059-B02,WT-165:S012,blackmer,galvin,2,BLK:04 PLN:26 POS:10,MFV 00317,249.50,4/1/2013 12:08,4/1/2013 14:16,2:08:02,,,,,249.50,T064-B03,WT-164:S013,jason,tommy,9,BLK:04 PLN:26 POS:10,MFV 00317,2.40,4/10/2013 0:48,4/10/2013 0:56,0:07:28,,,,,2.40,T64-B13,WT163:S066,Larry,Brent,9,BLK:04 PLN:26 POS:10,MFV 00317,1.4,5/23/2014 10:26,5/23/2014 10:34,0:08:00,"1/2""",,,0.00,1.40,,,,,,,,0.00,,,,,,,0.00,0.00,,162,MFV 00317,BLK:04 PLN:26 POS:10,253.30,
T059-B02,WT-165:S012,blackmer,galvin,3,BLK:04 PLN:22 POS:10,MFV 01947,249.60,4/1/2013 12:12,4/1/2013 15:01,2:48:41,,,,,249.60,T064-B03,WT-164:S013,jason,tommy,9,BLK:04 PLN:22 POS:10,MFV 01947,1.20,4/10/2013 0:15,4/10/2013 0:22,0:06:55,,,,,1.20,T64-B13,WT163:S066,Larry,Brent,,BLK:04 PLN:22 POS:10,MFV 01947,,,,,full,,,0.00,0.00,,,,,,,,0.00,,,,,,,0.00,0.00,,163,MFV 01947,BLK:04 PLN:22 POS:10,250.80,
T059-B02,WT-165:S012,blackmer,galvin,7,BLK:04 PLN:18 POS:10,MFV 04504,248.40,4/1/2013 12:14,4/1/2013 14:39,2:25:47,,,,,248.40,T064-B03,WT-164:S013,jason,tommy,9,BLK:04 PLN:18 POS:10,MFV 04504,1.50,4/9/2013 23:35,4/9/2013 23:42,0:06:48,,,,,1.50,T64-B13,WT163:S066,Larry,Brent,9,BLK:04 PLN:18 POS:10,MFV 04504,0.9,5/23/2014 10:14,5/23/2014 10:21,0:06:05,"1/4""",,,0.00,0.90,,,,,,,,0.00,,,,,,,0.00,0.00,,164,MFV 04504,BLK:04 PLN:18 POS:10,250.80,
T059-B02,WT-165:S012,blackmer,galvin,8,BLK:04 PLN:14 POS:10,MFV 01982,248.60,4/1/2013 12:15,4/1/2013 14:29,2:13:33,,,,,248.60,T064-B03,WT-164:S013,jason,tommy,4,BLK:04 PLN:14 POS:10,MFV 01982,1.70,4/10/2013 1:19,4/10/2013 1:25,0:06:17,,,,,1.70,,,,,,,,,,,,,,,0.00,0.00,,,,,,,,0.00,,,,,,,0.00,0.00,,165,MFV 01982,BLK:04 PLN:14 POS:10,250.30,
T059-B02,WT-165:S012,blackmer,galvin,9,BLK:04 PLN:10 POS:10,MFV 01777,251.20,4/1/2013 12:25,4/1/2013 14:49,2:23:35,,,,,251.20,T064-B03,WT-164:S013,jason,tommy,4,BLK:04 PLN:10 POS:10,MFV 01777,1.60,4/10/2013 0:48,4/10/2013 0:56,0:07:23,,,,,1.60,T64-B13,WT163:S066,Larry,Brent,9,BLK:04 PLN:12 POS:10,MFV 01958,1.3,5/23/2014 10:00,5/23/2014 10:07,0:07:04,"1/2""",,,0.00,1.30,,,,,,,,0.00,,,,,,,0.00,0.00,,166,MFV 01777,BLK:04 PLN:10 POS:10,254.10,
T059-B02,WT-165:S012,blackmer,galvin,10,BLK:04 PLN:06 POS:10,MFV 02691,249.40,4/1/2013 12:32,4/1/2013 14:51,2:18:38,,,,,249.40,T064-B03,WT-164:S013,jason,tommy,4,BLK:04 PLN:06 POS:10,MFV 02691,1.30,4/10/2013 0:15,4/10/2013 0:22,0:06:55,,,,,1.30,T64-B13,WT163:S066,Larry,Brent,9,BLK:04 PLN:06 POS:10,MFV 02691,0.4,5/23/2014 9:43,5/23/2014 9:45,0:02:08,"1/4""",,,0.00,0.40,,,,,,,,0.00,,,,,,,0.00,0.00,,167,MFV 02691,BLK:04 PLN:06 POS:10,251.10,
T059-B02,WT-165:S012,blackmer,galvin,11,BLK:04 PLN:02 POS:10,MFV 04537,247.00,4/1/2013 12:49,4/1/2013 14:58,2:09:15,,,,,247.00,T064-B03,WT-164:S013,jason,tommy,4,BLK:04 PLN:02 POS:10,MFV 04537,1.80,4/9/2013 23:35,4/9/2013 23:41,0:06:43,,,,,1.80,T64-B13,WT163:S066,Larry,Brent,9,BLK:04 PLN:02 POS:10,MFV 04537,1.6,5/23/2014 9:03,5/23/2014 9:12,0:08:44,"1/2""",,,0.00,1.60,,,,,,,,0.00,,,,,,,0.00,0.00,,168,MFV 04537,BLK:04 PLN:02 POS:10,250.40,
TO59-B02,WT-163-S013,blackmer,galvin,6,BLK:04 PLN:28 POS:10,MFV 01897,249.30,4/1/2013 17:25,4/1/2013 20:08,2:42:33,,,,,249.30,T064-B03,WT-164:S013,jason,tommy,9,BLK:04 PLN:28 POS:10,MFV 01897,2.50,4/10/2013 1:04,4/10/2013 1:12,0:08:32,,,,,2.50,,,,,,,,,,,,,,,0.00,0.00,,,,,,,,0.00,,,,,,,0.00,0.00,,169,MFV 01897,BLK:04 PLN:28 POS:10,251.80,
T059-B02,WT-165:S012,blackmer,galvin,2,BLK:04 PLN:24 POS:10,MFV 01924,228.90,4/1/2013 14:17,4/1/2013 17:24,3:07:19,swap,TO59-B02,WT-163-S013,16.90,245.80,T064-B03,WT-164:S013,jason,tommy,9,BLK:04 PLN:24 POS:10,MFV 01924,3.90,4/10/2013 0:28,4/10/2013 0:36,0:08:26,,,,,3.90,,,,,,,,,,,,,,,0.00,0.00,,,,,,,,0.00,,,,,,,0.00,0.00,,170,MFV 01924,BLK:04 PLN:24 POS:10,249.70,
T059-B02,WT-165:S012,blackmer,galvin,3,BLK:04 PLN:20 POS:10,MFV 02726,155.10,4/1/2013 15:02,4/1/2013 17:59,2:57:05,swap,TO59-B02,WT-163-S013,90.40,245.50,T064-B03,WT-164:S013,jason,tommy,9,BLK:04 PLN:20 POS:10,MFV 02726,3.40,4/10/2013 0:03,4/10/2013 0:12,0:08:33,,,,,3.40,T64-B13,WT163:S066,Larry,Brent,9,BLK:04 PLN:20 POS:10,MFV 02726,0.6,5/23/2014 10:22,5/23/2014 10:24,0:02:48,"1/4""",,,0.00,0.60,,,,,,,,0.00,,,,,,,0.00,0.00,,171,MFV 02726,BLK:04 PLN:20 POS:10,249.50,
T059-B02,WT-165:S012,blackmer,galvin,7,BLK:04 PLN:16 POS:10,MFV 01779,201.20,4/1/2013 14:40,4/1/2013 17:36,2:56:05,swap,TO59-B02,WT-163-S013,47.40,248.60,T064-B03,WT-164:S013,jason,tommy,9,BLK:04 PLN:16 POS:10,MFV 01779,1.70,4/9/2013 23:24,4/9/2013 23:34,0:10:42,,,,,1.70,T64-B13,WT163:S066,Larry,Brent,9,BLK:04 PLN:16 POS:10,MFV 01779,0.5,5/23/2014 10:09,5/23/2014 10:13,0:04:14,"1/4""",,,0.00,0.50,,,,,,,,0.00,,,,,,,0.00,0.00,,172,MFV 01779,BLK:04 PLN:16 POS:10,250.80,
T059-B02,WT-165:S012,blackmer,galvin,8,BLK:04 PLN:12 POS:10,MFV 01958,215.70,4/1/2013 14:31,4/1/2013 17:29,2:58:22,swap,TO59-B02,WT-163-S013,30.50,246.20,T064-B03,WT-164:S013,jason,tommy,4,BLK:04 PLN:12 POS:10,MFV 01958,2.90,4/10/2013 1:04,4/10/2013 1:12,0:08:33,,,,,2.90,,,,,,,,,,,,,,,0.00,0.00,,,,,,,,0.00,,,,,,,0.00,0.00,,173,MFV 01958,BLK:04 PLN:12 POS:10,249.10,
T059-B02,WT-165:S012,blackmer,galvin,9,BLK:04 PLN:08 POS:10,MFV 02830,179.60,4/1/2013 14:49,4/1/2013 17:47,2:57:21,swap,TO59-B02,WT-163-S013,67.20,246.80,T064-B03,WT-164:S013,jason,tommy,4,BLK:04 PLN:08 POS:10,MFV 02830,3.60,4/10/2013 0:28,4/10/2013 0:36,0:08:26,,,,,3.60,T64-B13,WT163:S066,Larry,Brent,9,BLK:04 PLN:08 POS:10,MFV 02830,0.9,5/23/2014 9:46,5/23/2014 9:56,0:10:16,"1/4""",,,0.00,0.90,,,,,,,,0.00,,,,,,,0.00,0.00,,174,MFV 02830,BLK:04 PLN:08 POS:10,251.30,
T059-B02,WT-165:S012,blackmer,galvin,10,BLK:04 PLN:04 POS:10,MFV 02846,173.40,4/1/2013 14:51,4/1/2013 17:50,2:59:03,swap,TO59-B02,WT-163-S013,73.10,246.50,T064-B03,WT-164:S013,jason,tommy,4,BLK:04 PLN:04 POS:10,MFV 02846,4.20,4/10/2013 0:03,4/10/2013 0:12,0:08:39,,,,,4.20,T64-B13,WT163:S066,Larry,Brent,9,BLK:04 PLN:04 POS:10,MFV 02846,0.4,5/23/2014 9:38,5/23/2014 9:42,0:03:36,"1/4""",,,0.00,0.40,,,,,,,,0.00,,,,,,,0.00,0.00,,175,MFV 02846,BLK:04 PLN:04 POS:10,251.10,
T059-B02,WT-165:S012,blackmer,galvin,11,BLK:04 PLN:00 POS:10,MFV 03955,164.90,4/1/2013 15:00,4/1/2013 17:53,2:53:29,swap,TO59-B02,WT-163-S013,81.40,246.30,T064-B03,WT-164:S013,jason,tommy,4,BLK:04 PLN:00 POS:10,MFV 03955,3.60,4/9/2013 23:24,4/9/2013 23:34,0:10:37,,,,,3.60,T64-B13,WT163:S066,Larry,Brent,9,BLK:04 PLN:00 POS:10,MFV 03955,1.5,5/23/2014 8:53,5/23/2014 9:01,0:08:28,"1/2""",,,0.00,1.50,,,,,,,,0.00,,,,,,,0.00,0.00,,176,MFV 03955,BLK:04 PLN:00 POS:10,251.40,
TO59-B02,WT-163:S013,daniel,jason,6,BLK:04 PLN:30 POS:11,MFV 01638,245.60,4/1/2013 20:09,4/1/2013 22:25,2:16:32,,,,,245.60,T064-B03,WT-164:S013,jason,tommy,9,BLK:04 PLN:30 POS:11,MFV 01638,3.10,4/9/2013 22:44,4/9/2013 22:52,0:07:50,,,,,3.10,,,,,,,,,,,,,,,0.00,0.00,,,,,,,,0.00,,,,,,,0.00,0.00,,177,MFV 01638,BLK:04 PLN:30 POS:11,248.70,
TO59-B02,WT-163:S013,daniel,jason,2,BLK:04 PLN:26 POS:11,MFV 00628,245.40,4/1/2013 17:29,4/1/2013 20:23,2:53:47,,,,,245.40,T064-B03,WT-164:S013,jason,tommy,9,BLK:04 PLN:26 POS:11,MFV 00628,3.60,4/9/2013 22:23,4/9/2013 22:36,0:12:45,,,,,3.60,,,,,,,,,,,,,,,0.00,0.00,,,,,,,,0.00,,,,,,,0.00,0.00,,178,MFV 00628,BLK:04 PLN:26 POS:11,249.00,
TO59-B02,WT-163:S013,daniel,jason,3,BLK:04 PLN:22 POS:11,MFV 01917,248.40,4/1/2013 17:59,4/1/2013 20:57,2:57:55,,,,,248.40,T064-B03,WT-164:S013,jason,tommy,9,BLK:04 PLN:22 POS:11,MFV 01917,3.60,4/9/2013 22:02,4/9/2013 22:10,0:08:24,,,,,3.60,,,,,,,,,,,,,,,0.00,0.00,,,,,,,,0.00,,,,,,,0.00,0.00,,179,MFV 01917,BLK:04 PLN:22 POS:11,252.00,
TO59-B02,WT-163:S013,daniel,jason,7,BLK:04 PLN:18 POS:11,MFV 01939,246.70,4/1/2013 17:37,4/1/2013 20:32,2:55:17,,,,,246.70,T064-B03,WT-164:S013,jason,tommy,9,BLK:04 PLN:18 POS:11,MFV 01939,3.50,4/9/2013 21:43,4/9/2013 21:52,0:08:51,,,,,3.50,,,,,,,,,,,,,,,0.00,0.00,,,,,,,,0.00,,,,,,,0.00,0.00,,180,MFV 01939,BLK:04 PLN:18 POS:11,250.20,
TO59-B02,WT-163:S013,daniel,jason,8,BLK:04 PLN:14 POS:11,MFV 01989,246.40,4/1/2013 17:35,4/1/2013 20:33,2:58:08,,,,,246.40,T064-B03,WT-164:S013,jason,tommy,4,BLK:04 PLN:14 POS:11,MFV 01989,3.30,4/9/2013 22:44,4/9/2013 22:52,0:07:55,,,,,3.30,,,,,,,,,,,,,,,0.00,0.00,,,,,,,,0.00,,,,,,,0.00,0.00,,181,MFV 01989,BLK:04 PLN:14 POS:11,249.70,
TO59-B02,WT-163:S013,daniel,jason,9,BLK:04 PLN:10 POS:11,MFV 01809,247.40,4/1/13 18:03,4/1/2013 20:43,2:39:19,,,,,247.40,T064-B03,WT-164:S013,jason,tommy,4,BLK:04 PLN:10 POS:11,MFV 01809,3.20,4/9/2013 22:23,4/9/2013 22:36,0:12:41,,,,,3.20,,,,,,,,,,,,,,,0.00,0.00,,,,,,,,0.00,,,,,,,0.00,0.00,,182,MFV 01809,BLK:04 PLN:10 POS:11,250.60,
TO59-B02,WT-163:S013,daniel,jason,10,BLK:04 PLN:06 POS:11,MFV 03971,240.60,4/1/2013 17:51,4/1/2013 20:47,2:56:01,,,,,240.60,T064-B03,WT-164:S013,jason,tommy,4,BLK:04 PLN:06 POS:11,MFV 03971,2.00,4/9/2013 22:02,4/9/2013 22:10,0:08:24,,,,,2.00,T64-B13,WT163:S066,Larry,Brent,9,BLK:04 PLN:06 POS:11,MFV 03971,4,5/23/2014 8:34,5/23/2014 8:51,0:17:29,"1 1/2""",,,0.00,4.00,,,,,,,,0.00,,,,,,,0.00,0.00,,183,MFV 03971,BLK:04 PLN:06 POS:11,246.60,
TO59-B02,WT-163:S013,daniel,jason,11,BLK:04 PLN:02 POS:11,MFV 01829,247.00,4/1/2013 17:53,4/1/2013 20:46,2:52:40,,,,,247.00,T064-B03,WT-164:S013,jason,tommy,4,BLK:04 PLN:02 POS:11,MFV 01829,4.00,4/9/2013 21:40,4/9/2013 21:52,0:11:43,,,,,4.00,,,,,,,,,,,,,,,0.00,0.00,,,,,,,,0.00,,,,,,,0.00,0.00,,184,MFV 01829,BLK:04 PLN:02 POS:11,251.00,
TO59-B02,WT-163:S013,daniel,jason,6,BLK:04 PLN:28 POS:11,MFV 01899,248.50,4/1/2013 22:26,4/2/2013 0:12,1:46:14,,,,,248.50,T064-B03,WT-164:S013,jason,tommy,9,BLK:04 PLN:28 POS:11,MFV 01899,3.70,4/9/2013 22:36,4/9/2013 22:43,0:07:35,,,,,3.70,,,,,,,,,,,,,,,0.00,0.00,,,,,,,,0.00,,,,,,,0.00,0.00,,185,MFV 01899,BLK:04 PLN:28 POS:11,252.20,
TO59-B02,WT-163:S013,daniel,jason,2,BLK:04 PLN:24 POS:11,MFV 01921,247.80,4/1/2013 20:23,4/1/2013 22:39,2:15:41,,,,,247.80,T064-B03,WT-164:S013,jason,tommy,9,BLK:04 PLN:24 POS:11,MFV 01921,3.40,4/9/2013 22:11,4/9/2013 22:23,0:12:00,,,,,3.40,,,,,,,,,,,,,,,0.00,0.00,,,,,,,,0.00,,,,,,,0.00,0.00,,186,MFV 01921,BLK:04 PLN:24 POS:11,251.20,
TO59-B02,WT-163:S013,daniel,jason,3,BLK:04 PLN:20 POS:11,MFV 01753,247.80,4/1/2013 20:57,4/1/2013 23:11,2:13:18,,,,,247.80,T064-B03,WT-164:S013,jason,tommy,9,BLK:04 PLN:20 POS:11,MFV 01753,1.70,4/9/2013 21:53,4/9/2013 22:01,0:08:48,,,,,1.70,,,,,,,,,,,,,,,0.00,0.00,,,,,,,,0.00,,,,,,,0.00,0.00,,187,MFV 01753,BLK:04 PLN:20 POS:11,249.50,
TO59-B02,WT-163:S013,daniel,jason,7,BLK:04 PLN:16 POS:11,MFV 04523,246.10,4/1/2013 20:32,4/1/2013 22:44,2:11:56,,,,,246.10,T064-B03,WT-164:S013,jason,tommy,9,BLK:04 PLN:16 POS:11,MFV 04523,3.40,4/9/2013 21:27,4/9/2013 21:43,0:15:23,,,,,3.40,,,,,,,,,,,,,,,0.00,0.00,,,,,,,,0.00,,,,,,,0.00,0.00,,188,MFV 04523,BLK:04 PLN:16 POS:11,249.50,
TO59-B02,WT-163:S013,daniel,jason,8,BLK:04 PLN:12 POS:11,MFV 01931,247.40,4/1/2013 20:34,4/1/2013 22:49,2:15:32,,,,,247.40,T064-B03,WT-164:S013,jason,tommy,4,BLK:04 PLN:12 POS:11,MFV 01931,3.20,4/9/2013 22:36,4/9/2013 22:44,0:07:40,,,,,3.20,,,,,,,,,,,,,,,0.00,0.00,,,,,,,,0.00,,,,,,,0.00,0.00,,189,MFV 01931,BLK:04 PLN:12 POS:11,250.60,
TO59-B02,WT-163:S013,daniel,jason,9,BLK:04 PLN:08 POS:11,MFV 01810,248.30,4/1/2013 20:43,4/1/2013 22:59,2:16:01,,,,,248.30,T064-B03,WT-164:S013,jason,tommy,4,BLK:04 PLN:08 POS:11,MFV 01810,2.40,4/9/2013 22:11,4/9/2013 22:23,0:12:02,,,,,2.40,,,,,,,,,,,,,,,0.00,0.00,,,,,,,,0.00,,,,,,,0.00,0.00,,190,MFV 01810,BLK:04 PLN:08 POS:11,250.70,
TO59-B02,WT-163:S013,daniel,jason,10,BLK:04 PLN:04 POS:11,MFV 03972,244.40,4/1/2013 20:47,4/1/2013 23:24,2:37:26,,,,,244.40,T064-B03,WT-164:S013,jason,tommy,4,BLK:04 PLN:04 POS:11,MFV 03972,1.30,4/9/2013 21:53,4/9/2013 22:01,0:08:51,,,,,1.30,T64-B13,WT163:S066,Larry,Brent,9,BLK:04 PLN:04 POS:11,MFV 03972,2.9,5/23/2014 8:17,5/23/2014 8:33,0:16:04,"1"" covered di blk in am",,,0.00,2.90,,,,,,,,0.00,,,,,,,0.00,0.00,,191,MFV 03972,BLK:04 PLN:04 POS:11,248.60,
TO59-B02,WT-163:S013,daniel,jason,11,BLK:04 PLN:00 POS:11,MFV 02879,247.00,4/1/2013 20:46,4/1/2013 22:59,2:12:35,,,,,247.00,T064-B03,WT-164:S013,jason,tommy,4,BLK:04 PLN:00 POS:11,MFV 02879,3.80,4/9/2013 21:28,4/9/2013 21:40,0:12:44,,,,,3.80,,,,,,,,,,,,,,,0.00,0.00,,,,,,,,0.00,,,,,,,0.00,0.00,,192,MFV 02879,BLK:04 PLN:00 POS:11,250.80,
,,,,,,,,,,,,,,,,,,,,,,,,,,,,,,,,,,,,,,,,,,,,,,,,,,,,,,,,,,,,,,,,,,,Total,48210.75,
,,,,,,,,,,,,,,,,,,,,,,,,,,,,,,,,,,,,,,,,,,,,,,,,,,,,,,,,,,,,,,,,,,,Average,251.10,
,,,,,,,,,,,,,,,,,,,,,,,,,,,,,,,,,,,,,,,,,,,,,,,,,,,,,,,,,,,,,,,,,,,RMS,2.2369718749,
