Fill 1: Scint. Batch,Fill 1: Tanker ID,Fill 1: Tech 1,Fill 1: Tech 2,Fill 1: Mach ID,Fill 1: Module Position,Fill 1: Module ID,Fill 1: Amount from 1st Tanker (gal),Fill 1: Start Time,Fill 1: End Time,Fill 1: Fill Time,Fill 1: Comments,Fill 1: 2nd Tanker Batch,Fill 1: 2nd Tanker,Fill 1: Amount from 2nd Tanker (gal),Fill 1: Total(gal),Fill 2: Scint. Batch,Fill 2: Tanker ID,Fill 2: Tech 1,Fill 2: Tech 2,Fill 2: Mach ID,Fill 2: Module Position,Fill 2: Module ID,Fill 2: Amount from 1st Tanker (gal),Fill 2: Start Time,Fill 2: End Time,Fill 2: Fill Time,Dummy 2,Fill 2: Comments,Fill 2: 2nd Tanker Batch,Fill 2: 2nd Tanker,Fill 2: Amount from 2nd Tanker (gal),Fill 2: Total (gal),Fill 3: Scint. Batch,Fill 3: Tanker ID,Fill 3: Tech 1,Fill 3: Tech 2,Fill 3: Mach ID,Fill 3: Module Position,Fill 3: Module ID,Fill 3: Amout from 1st Tanker (gal),Fill 3: Start Time,Fill 3: End Time,Fill 3: Fill Time,Dummy 3,Fill 3: Comments,Fill 3: 2nd Tanker Batch,Fill 3: 2nd Tanker,Fill 3: Amount from 2nd Tanker (gal),Fill 3: Total(gal),Fill 4: Scint. Batch,Fill 4: Tanker ID,Fill 4: Tech 1,Fill 4: Tech 2,Fill 4: Mach ID,Fill 4: Module Position,Fill 4: Module ID,Fill 4: Amount from 1st Tanker (gal),Fill 4: Start Time,Fill 4: End Time,Fill 4: Fill Time,Dummy 4,Fill 4: Comments,Fill 4: 2nd Tanker Batch,Fill 4: 2nd Tanker,Fill 4: Amount from 2nd Tanker (gal),Fill 4: Total (gal),,No. Modules,Module ID,Module Position,Total Fill
,,,,,,,,,,,,,,,,,,,,,,,,,,,,,,,,,,,,,,,,,,,,,,,,,,,,,,,,,,,,,,,,,,,,,,,
,,,,,,,,,,,,,,,,,,,,,,,,,,,,,,,,,,,,,,,,,,,,,,,,,,,,,,,,,,,,,,,,,,,,,,,
,,,,,,,,,,,,,,,,,,,,,,,,,,,,,,,,,,,,,,,,,,,,,,,,,,,,,,,,,,,,,,,,,,,,,,,
,,,,,,,,,,,,,,,,,,,,,,,,,,,,,,,,,,,,,,,,,,,,,,,,,,,,,,,,,,,,,,,,,,,,,,,
T064-B03,WT-164-S014,james,wood,6,BLK:05 PLN:01 POS:00,MFV 02241,248.4,4/17/2013 11:20,4/17/2013 13:46,2:26:03,,,,,248.40,,,,,,,,0.00,,,,,,,,0.00,0.00,,,,,,,,0.00,,,,,,,,0.00,0.00,,,,,,,,0.00,,,,,,,,0.00,0.00,,1,MFV 02241,BLK:05 PLN:01 POS:00,248.40
T064-B03,WT-164-S014,james,wood,6,BLK:05 PLN:01 POS:01,MFV 04668,247.7,4/17/2013 13:50,4/17/2013 16:25,2:35:00,,,,,247.70,,,,,,,,0.00,,,,,,,,0.00,0.00,,,,,,,,0.00,,,,,,,,0.00,0.00,,,,,,,,0.00,,,,,,,,0.00,0.00,,2,MFV 04668,BLK:05 PLN:01 POS:01,247.70
T064-B03,WT-164-S014,james,wood,7,BLK:05 PLN:01 POS:02,MFV 02888,249.5,4/17/2013 11:20,4/17/2013 13:44,2:24:07,,,,,249.50,,,,,,,,0.00,,,,,,,,0.00,0.00,,,,,,,,0.00,,,,,,,,0.00,0.00,,,,,,,,0.00,,,,,,,,0.00,0.00,,3,MFV 02888,BLK:05 PLN:01 POS:02,249.50
T064-B03,WT-164-S014,james,wood,7,BLK:05 PLN:01 POS:03,MFV 02316,251.3,4/17/2013 13:50,4/17/2013 16:19,2:29:01,,,,,251.30,,,,,,,,0.00,,,,,,,,0.00,0.00,,,,,,,,0.00,,,,,,,,0.00,0.00,,,,,,,,0.00,,,,,,,,0.00,0.00,,4,MFV 02316,BLK:05 PLN:01 POS:03,251.30
T064-B03,WT-164-S014,james,wood,8,BLK:05 PLN:01 POS:04,MFV 02046,249.6,4/17/2013 11:20,4/17/2013 13:43,2:23:14,,,,,249.60,,,,,,,,0.00,,,,,,,,0.00,0.00,,,,,,,,0.00,,,,,,,,0.00,0.00,,,,,,,,0.00,,,,,,,,0.00,0.00,,5,MFV 02046,BLK:05 PLN:01 POS:04,249.60
T064-B03,WT-164-S014,james,wood,8,BLK:05 PLN:01 POS:05,MFV 02892,244.6,4/17/2013 13:52,4/17/2013 16:17,2:25:22,,,,,244.60,,,,,,,,0.00,,,,,,,,0.00,0.00,,,,,,,,0.00,,,,,,,,0.00,0.00,,,,,,,,0.00,,,,,,,,0.00,0.00,,6,MFV 02892,BLK:05 PLN:01 POS:05,244.60
T064-B03,WT-164-S014,james,wood,9,BLK:05 PLN:01 POS:06,MFV 04651,249.1,4/17/2013 11:20,4/17/2013 13:45,2:25:02,,,,,249.10,,,,,,,,0.00,,,,,,,,0.00,0.00,,,,,,,,0.00,,,,,,,,0.00,0.00,,,,,,,,0.00,,,,,,,,0.00,0.00,,7,MFV 04651,BLK:05 PLN:01 POS:06,249.10
T064-B03,WT-164-S014,james,wood,9,BLK:05 PLN:01 POS:07,MFV 04665,247.4,4/17/2013 13:52,4/17/2013 16:18,3:05:34,,,,,247.40,,,,,,,,0.00,,,,,,,,0.00,0.00,,,,,,,,0.00,,,,,,,,0.00,0.00,,,,,,,,0.00,,,,,,,,0.00,0.00,,8,MFV 04665,BLK:05 PLN:01 POS:07,247.40
T064-B03,WT-164-S014,james,wood,10,BLK:05 PLN:01 POS:08,MFV 02887,249.9,4/17/2013 11:20,4/17/2013 13:45,2:25:01,,,,,249.90,,,,,,,,0.00,,,,,,,,0.00,0.00,,,,,,,,0.00,,,,,,,,0.00,0.00,,,,,,,,0.00,,,,,,,,0.00,0.00,,9,MFV 02887,BLK:05 PLN:01 POS:08,249.90
T064-B03,WT-164-S014,james,wood,10,BLK:05 PLN:01 POS:09,MFV 02315,252.4,4/17/13 13:53,4/17/2013 16:19,3:04:28,,,,,252.40,,,,,,,,0.00,,,,,,,,0.00,0.00,,,,,,,,0.00,,,,,,,,0.00,0.00,,,,,,,,0.00,,,,,,,,0.00,0.00,,10,MFV 02315,BLK:05 PLN:01 POS:09,252.40
T064-B03,WT-164-S014,james,wood,11,BLK:05 PLN:01 POS:10,MFV 02886,251.2,4/17/2013 11:20,4/17/2013 13:44,2:23:53,,,,,251.20,,,,,,,,0.00,,,,,,,,0.00,0.00,,,,,,,,0.00,,,,,,,,0.00,0.00,,,,,,,,0.00,,,,,,,,0.00,0.00,,11,MFV 02886,BLK:05 PLN:01 POS:10,251.20
T064-B03,WT-164-S014,james,wood,11,BLK:05 PLN:01 POS:11,MFV 04692,252.8,4/17/13 13:55,4/17/2013 16:24,2:29:38,,,,,252.80,,,,,,,,0.00,,,,,,,,0.00,0.00,,,,,,,,0.00,,,,,,,,0.00,0.00,,,,,,,,0.00,,,,,,,,0.00,0.00,,12,MFV 04692,BLK:05 PLN:01 POS:11,252.80
T064-B03,WT-164-S014,james,wood,6,BLK:05 PLN:03 POS:00,MFV 02015,191.8,4/17/13 16:26,4/18/2013 17:48,25:22:50,swap/no oil tanker,T64-B03,WT-163:S016,60,251.80,,,,,,,,0.00,,,,,,,,0.00,0.00,,,,,,,,0.00,,,,,,,,0.00,0.00,,,,,,,,0.00,,,,,,,,0.00,0.00,,13,MFV 02015,BLK:05 PLN:03 POS:00,251.80
T064-B03,WT-163:S016,daniel,jason,6,BLK:05 PLN:03 POS:01,MFV 04611,252.4,4/18/13 17:49,4/18/2013 20:13,2:24:40,,,,,252.40,,,,,,,,0.00,,,,,,,,0.00,0.00,,,,,,,,0.00,,,,,,,,0.00,0.00,,,,,,,,0.00,,,,,,,,0.00,0.00,,14,MFV 04611,BLK:05 PLN:03 POS:01,252.40
T064-B03,WT-164-S014,james,wood,7,BLK:05 PLN:03 POS:02,MFV 02007,197.1,4/17/13 16:19,4/18/2013 17:42,25:22:30,swap/no oil tanker,T64-B03,WT-163:S016,53.5,250.60,,,,,,,,0.00,,,,,,,,0.00,0.00,,,,,,,,0.00,,,,,,,,0.00,0.00,,,,,,,,0.00,,,,,,,,0.00,0.00,,15,MFV 02007,BLK:05 PLN:03 POS:02,250.60
T064-B03,WT-163:S016,daniel,jason,7,BLK:05 PLN:03 POS:03,MFV 02185,250.9,4/18/13 17:42,4/18/2013 20:01,2:18:32,,,,,250.90,,,,,,,,0.00,,,,,,,,0.00,0.00,,,,,,,,0.00,,,,,,,,0.00,0.00,,,,,,,,0.00,,,,,,,,0.00,0.00,,16,MFV 02185,BLK:05 PLN:03 POS:03,250.90
T064-B03,WT-164-S014,james,wood,8,BLK:05 PLN:03 POS:04,MFV 02133,229.4,4/17/13 16:19,4/18/2013 17:21,25:02:07,swap/no oil tanker,T64-B03,WT-163:S016,22.7,252.10,,,,,,,,0.00,,,,,,,,0.00,0.00,,,,,,,,0.00,,,,,,,,0.00,0.00,,,,,,,,0.00,,,,,,,,0.00,0.00,,17,MFV 02133,BLK:05 PLN:03 POS:04,252.10
T064-B03,WT-163:S016,daniel,jason,8,BLK:05 PLN:03 POS:05,MFV 02265,251.3,4/18/13 17:22,4/18/2013 19:35,2:12:57,,,,,251.30,,,,,,,,0.00,,,,,,,,0.00,0.00,,,,,,,,0.00,,,,,,,,0.00,0.00,,,,,,,,0.00,,,,,,,,0.00,0.00,,18,MFV 02265,BLK:05 PLN:03 POS:05,251.30
T064-B03,WT-164-S014,james,wood,9,BLK:05 PLN:03 POS:06,MFV 02231,211.3,4/17/13 16:23,4/18/2013 17:34,25:11:44,swap/no oil tanker,T64-B03,WT-163:S016,39.6,250.90,,,,,,,,0.00,,,,,,,,0.00,0.00,,,,,,,,0.00,,,,,,,,0.00,0.00,,,,,,,,0.00,,,,,,,,0.00,0.00,,19,MFV 02231,BLK:05 PLN:03 POS:06,250.90
T064-B03,WT-163:S016,daniel,jason,9,BLK:05 PLN:03 POS:07,MFV 02889,250.7,4/18/13 17:35,4/18/2013 19:53,2:18:10,,,,,250.70,,,,,,,,0.00,,,,,,,,0.00,0.00,,,,,,,,0.00,,,,,,,,0.00,0.00,,,,,,,,0.00,,,,,,,,0.00,0.00,,20,MFV 02889,BLK:05 PLN:03 POS:07,250.70
T064-B03,WT-164-S014,james,wood,10,BLK:05 PLN:03 POS:08,MFV 04643,194.8,4/17/13 16:26,4/18/2013 17:45,25:18:38,swap/no oil tanker,T64-B03,WT-163:S016,55.4,250.20,,,,,,,,0.00,,,,,,,,0.00,0.00,,,,,,,,0.00,,,,,,,,0.00,0.00,,,,,,,,0.00,,,,,,,,0.00,0.00,,21,MFV 04643,BLK:05 PLN:03 POS:08,250.20
T064-B03,WT-163:S016,daniel,jason,10,BLK:05 PLN:03 POS:09,MFV 02677,250.9,4/18/13 17:45,4/18/2013 20:04,2:18:51,,,,,250.90,,,,,,,,0.00,,,,,,,,0.00,0.00,,,,,,,,0.00,,,,,,,,0.00,0.00,,,,,,,,0.00,,,,,,,,0.00,0.00,,22,MFV 02677,BLK:05 PLN:03 POS:09,250.90
T064-B03,WT-164-S014,james,wood,11,BLK:05 PLN:03 POS:10,MFV 02188,204.8,4/17/13 16:25,4/18/2013 17:37,25:12:46,swap/no oil tanker,T64-B03,WT-163:S016,47.4,252.20,,,,,,,,0.00,,,,,,,,0.00,0.00,,,,,,,,0.00,,,,,,,,0.00,0.00,,,,,,,,0.00,,,,,,,,0.00,0.00,,23,MFV 02188,BLK:05 PLN:03 POS:10,252.20
T064-B03,WT-163:S016,daniel,jason,11,BLK:05 PLN:03 POS:11,MFV 01992,252,4/18/13 17:38,4/18/2013 19:57,2:19:02,,,,,252.00,,,,,,,,0.00,,,,,,,,0.00,0.00,,,,,,,,0.00,,,,,,,,0.00,0.00,,,,,,,,0.00,,,,,,,,0.00,0.00,,24,MFV 01992,BLK:05 PLN:03 POS:11,252.00
T064-B03,WT-163:S016,daniel,jason,6,BLK:05 PLN:05 POS:00,MFV 02179,252.9,4/18/13 20:14,4/18/2013 23:17,3:03:26,module was taking oil slowly/turned machine down,,,,252.90,,,,,,,,0.00,,,,,,,,0.00,0.00,,,,,,,,0.00,,,,,,,,0.00,0.00,,,,,,,,0.00,,,,,,,,0.00,0.00,,25,MFV 02179,BLK:05 PLN:05 POS:00,252.90
T064-B03,WT-163:S016,daniel,jason,6,BLK:05 PLN:05 POS:01,MFV 04600,249.6,4/18/13 23:17,4/19/2013 1:43,2:25:38,,,,,249.60,,,,,,,,0.00,,,,,,,,0.00,0.00,,,,,,,,0.00,,,,,,,,0.00,0.00,,,,,,,,0.00,,,,,,,,0.00,0.00,,26,MFV 04600,BLK:05 PLN:05 POS:01,249.60
T064-B03,WT-163:S016,daniel,jason,7,BLK:05 PLN:05 POS:02,MFV 04602,249.8,4/18/13 20:01,4/18/2013 22:25,2:23:51,,,,,249.80,,,,,,,,0.00,,,,,,,,0.00,0.00,,,,,,,,0.00,,,,,,,,0.00,0.00,,,,,,,,0.00,,,,,,,,0.00,0.00,,27,MFV 04602,BLK:05 PLN:05 POS:02,249.80
T064-B03,WT-163:S016,daniel,jason,7,BLK:05 PLN:05 POS:03,MFV 04625,248.7,4/18/13 22:25,4/19/2013 0:45,2:20:02,,,,,248.70,,,,,,,,0.00,,,,,,,,0.00,0.00,,,,,,,,0.00,,,,,,,,0.00,0.00,,,,,,,,0.00,,,,,,,,0.00,0.00,,28,MFV 04625,BLK:05 PLN:05 POS:03,248.70
T064-B03,WT-163:S016,daniel,jason,8,BLK:05 PLN:05 POS:04,MFV 04623,248.8,4/18/13 19:35,4/18/2013 21:52,2:16:36,,,,,248.80,,,,,,,,0.00,,,,,,,,0.00,0.00,,,,,,,,0.00,,,,,,,,0.00,0.00,,,,,,,,0.00,,,,,,,,0.00,0.00,,29,MFV 04623,BLK:05 PLN:05 POS:04,248.80
T064-B03,WT-163:S016,daniel,jason,8,BLK:05 PLN:05 POS:05,MFV 02896,250.5,4/18/13 21:52,4/19/2013 0:09,2:16:51,,,,,250.50,,,,,,,,0.00,,,,,,,,0.00,0.00,,,,,,,,0.00,,,,,,,,0.00,0.00,,,,,,,,0.00,,,,,,,,0.00,0.00,,30,MFV 02896,BLK:05 PLN:05 POS:05,250.50
T064-B03,WT-163:S016,daniel,jason,9,BLK:05 PLN:05 POS:06,MFV 02334,251.6,4/18/13 19:53,4/18/2013 22:11,2:17:42,,,,,251.60,,,,,,,,0.00,,,,,,,,0.00,0.00,,,,,,,,0.00,,,,,,,,0.00,0.00,,,,,,,,0.00,,,,,,,,0.00,0.00,,31,MFV 02334,BLK:05 PLN:05 POS:06,251.60
T064-B03,WT-163:S016,daniel,jason,9,BLK:05 PLN:05 POS:07,MFV 02894,250.4,4/18/13 22:14,4/19/2013 0:27,2:13:30,,,,,250.40,,,,,,,,0.00,,,,,,,,0.00,0.00,,,,,,,,0.00,,,,,,,,0.00,0.00,,,,,,,,0.00,,,,,,,,0.00,0.00,,32,MFV 02894,BLK:05 PLN:05 POS:07,250.40
T064-B03,WT-163:S016,daniel,jason,10,BLK:05 PLN:05 POS:08,MFV 02003,251.2,4/18/13 20:04,4/18/2013 22:22,2:17:58,,,,,251.20,,,,,,,,0.00,,,,,,,,0.00,0.00,,,,,,,,0.00,,,,,,,,0.00,0.00,,,,,,,,0.00,,,,,,,,0.00,0.00,,33,MFV 02003,BLK:05 PLN:05 POS:08,251.20
T064-B03,WT-163:S016,daniel,jason,10,BLK:05 PLN:05 POS:09,MFV 04606,249.2,4/18/13 22:22,4/19/2013 0:41,2:18:18,,,,,249.20,,,,,,,,0.00,,,,,,,,0.00,0.00,,,,,,,,0.00,,,,,,,,0.00,0.00,,,,,,,,0.00,,,,,,,,0.00,0.00,,34,MFV 04606,BLK:05 PLN:05 POS:09,249.20
T064-B03,WT-163:S016,daniel,jason,11,BLK:05 PLN:05 POS:10,MFV 02010,252.2,4/18/13 19:57,4/18/2013 22:16,2:18:41,,,,,252.20,,,,,,,,0.00,,,,,,,,0.00,0.00,,,,,,,,0.00,,,,,,,,0.00,0.00,,,,,,,,0.00,,,,,,,,0.00,0.00,,35,MFV 02010,BLK:05 PLN:05 POS:10,252.20
T064-B03,WT-163:S016,daniel,jason,11,BLK:05 PLN:05 POS:11,MFV 04676,251.1,4/18/13 22:16,4/19/2013 0:31,2:15:27,,,,,251.10,,,,,,,,0.00,,,,,,,,0.00,0.00,,,,,,,,0.00,,,,,,,,0.00,0.00,,,,,,,,0.00,,,,,,,,0.00,0.00,,36,MFV 04676,BLK:05 PLN:05 POS:11,251.10
T064-B03,WT-163:S016,daniel,jason,6,BLK:05 PLN:07 POS:00,MFV 02893,149.6,4/19/13 1:43,4/19/2013 8:49,7:05:34,tanker swap,T64-B03,WT-165-S015,88.8,238.40,,,,,,,,0.00,,,,,,,,0.00,0.00,,,,,,,,0.00,,,,,,,,0.00,0.00,,,,,,,,0.00,,,,,,,,0.00,0.00,,37,MFV 02893,BLK:05 PLN:07 POS:00,238.40
T064-B03,WT-165-S015,wood,galvin,6,BLK:05 PLN:07 POS:01,MFV 02233,253.4,4/19/13 8:49,4/19/2013 11:14,2:24:24,,,,,253.40,,,,,,,,0.00,,,,,,,,0.00,0.00,,,,,,,,0.00,,,,,,,,0.00,0.00,,,,,,,,0.00,,,,,,,,0.00,0.00,,38,MFV 02233,BLK:05 PLN:07 POS:01,253.40
T064-B03,WT-163:S016,daniel,jason,7,BLK:05 PLN:07 POS:02,MFV 02266,250.6,4/19/13 0:45,4/19/2013 3:08,2:22:16,,,,,250.60,,,,,,,,0.00,,,,,,,,0.00,0.00,,,,,,,,0.00,,,,,,,,0.00,0.00,,,,,,,,0.00,,,,,,,,0.00,0.00,,39,MFV 02266,BLK:05 PLN:07 POS:02,250.60
T064-B03,WT-163:S016,daniel,jason,7,BLK:05 PLN:07 POS:03,MFV 02239,21.4,4/19/13 3:08,4/19/2013 10:00,6:52:00,tanker swap,T64-B03,WT-165-S015,230.4,251.80,,,,,,,,0.00,,,,,,,,0.00,0.00,,,,,,,,0.00,,,,,,,,0.00,0.00,,,,,,,,0.00,,,,,,,,0.00,0.00,,40,MFV 02239,BLK:05 PLN:07 POS:03,251.80
T064-B03,WT-163:S016,daniel,jason,8,BLK:05 PLN:07 POS:04,MFV 04687,250.6,4/19/13 0:09,4/19/2013 2:28,2:18:39,,,,,250.60,,,,,,,,0.00,,,,,,,,0.00,0.00,,,,,,,,0.00,,,,,,,,0.00,0.00,,,,,,,,0.00,,,,,,,,0.00,0.00,,41,MFV 04687,BLK:05 PLN:07 POS:04,250.60
T064-B03,WT-163:S016,daniel,jason,8,BLK:05 PLN:07 POS:05,MFV 02263,93.4,4/19/13 2:28,4/19/2013 9:17,6:48:38,tanker swap,T64-B03,WT-165-S015,157.2,250.60,,,,,,,,0.00,,,,,,,,0.00,0.00,,,,,,,,0.00,,,,,,,,0.00,0.00,,,,,,,,0.00,,,,,,,,0.00,0.00,,42,MFV 02263,BLK:05 PLN:07 POS:05,250.60
T064-B03,WT-163:S016,daniel,jason,9,BLK:05 PLN:07 POS:06,MFV 02175,250.3,4/19/13 0:27,4/19/2013 2:48,2:20:33,,,,,250.30,,,,,,,,0.00,,,,,,,,0.00,0.00,,,,,,,,0.00,,,,,,,,0.00,0.00,,,,,,,,0.00,,,,,,,,0.00,0.00,,43,MFV 02175,BLK:05 PLN:07 POS:06,250.30
T064-B03,WT-163:S016,daniel,jason,9,BLK:05 PLN:07 POS:07,MFV 04655,54.8,4/19/13 2:48,4/19/2013 9:44,6:55:33,tanker swap,T64-B03,WT-165-S015,194,248.80,,,,,,,,0.00,,,,,,,,0.00,0.00,,,,,,,,0.00,,,,,,,,0.00,0.00,,,,,,,,0.00,,,,,,,,0.00,0.00,,44,MFV 04655,BLK:05 PLN:07 POS:07,248.80
T064-B03,WT-163:S016,daniel,jason,10,BLK:05 PLN:07 POS:08,MFV 04660,252.7,4/19/13 0:41,4/19/2013 3:03,2:22:29,,,,,252.70,,,,,,,,0.00,,,,,,,,0.00,0.00,,,,,,,,0.00,,,,,,,,0.00,0.00,,,,,,,,0.00,,,,,,,,0.00,0.00,,45,MFV 04660,BLK:05 PLN:07 POS:08,252.70
T064-B03,WT-163:S016,daniel,jason,10,BLK:05 PLN:07 POS:09,MFV 04656,25.5,4/19/13 3:04,4/19/2013 9:56,6:52:42,tanker swap,T64-B03,WT-165-S015,226.6,252.10,,,,,,,,0.00,,,,,,,,0.00,0.00,,,,,,,,0.00,,,,,,,,0.00,0.00,,,,,,,,0.00,,,,,,,,0.00,0.00,,46,MFV 04656,BLK:05 PLN:07 POS:09,252.10
T064-B03,WT-163:S016,daniel,jason,11,BLK:05 PLN:07 POS:10,MFV 04666,252.2,4/19/13 0:32,4/19/2013 2:53,2:21:01,,,,,252.20,,,,,,,,0.00,,,,,,,,0.00,0.00,,,,,,,,0.00,,,,,,,,0.00,0.00,,,,,,,,0.00,,,,,,,,0.00,0.00,,47,MFV 04666,BLK:05 PLN:07 POS:10,252.20
T064-B03,WT-163:S016,daniel,jason,11,BLK:05 PLN:07 POS:11,MFV 04674,45,4/19/13 2:53,4/19/2013 9:46,6:52:57,tanker swap,T64-B03,WT-165-S015,209.6,254.60,,,,,,,,0.00,,,,,,,,0.00,0.00,,,,,,,,0.00,,,,,,,,0.00,0.00,,,,,,,,0.00,,,,,,,,0.00,0.00,,48,MFV 04674,BLK:05 PLN:07 POS:11,254.60
T064-B03,WT-165-S015,wood,galvin,6,BLK:05 PLN:09 POS:00,MFV 01877,251,4/19/13 11:15,4/19/2013 13:41,2:26:28,,,,,251.00,,,,,,,,0.00,,,,,,,,0.00,0.00,,,,,,,,0.00,,,,,,,,0.00,0.00,,,,,,,,0.00,,,,,,,,0.00,0.00,,49,MFV 01877,BLK:05 PLN:09 POS:00,251.00
T064-B03,WT-165-S015,wood,galvin,6,BLK:05 PLN:09 POS:01,MFV 02352,250.2,4/19/13 13:42,4/19/2013 16:11,2:28:36,,,,,250.20,,,,,,,,0.00,,,,,,,,0.00,0.00,,,,,,,,0.00,,,,,,,,0.00,0.00,,,,,,,,0.00,,,,,,,,0.00,0.00,,50,MFV 02352,BLK:05 PLN:09 POS:01,250.20
T064-B03,WT-165-S015,wood,galvin,7,BLK:05 PLN:09 POS:02,MFV 04639,249.4,4/19/13 10:03,4/19/2013 12:26,2:22:53,,,,,249.40,,,,,,,,0.00,,,,,,,,0.00,0.00,,,,,,,,0.00,,,,,,,,0.00,0.00,,,,,,,,0.00,,,,,,,,0.00,0.00,,51,MFV 04639,BLK:05 PLN:09 POS:02,249.40
T064-B03,WT-165-S015,wood,galvin,7,BLK:05 PLN:09 POS:03,MFV 04641,247.2,4/19/13 12:26,4/19/2013 14:49,2:23:27,,,,,247.20,,,,,,,,0.00,,,,,,,,0.00,0.00,,,,,,,,0.00,,,,,,,,0.00,0.00,,,,,,,,0.00,,,,,,,,0.00,0.00,,52,MFV 04641,BLK:05 PLN:09 POS:03,247.20
T064-B03,WT-165-S015,wood,galvin,8,BLK:05 PLN:09 POS:04,MFV 04644,247.5,4/19/13 9:23,4/19/2013 11:43,2:20:21,,,,,247.50,,,,,,,,0.00,,,,,,,,0.00,0.00,,,,,,,,0.00,,,,,,,,0.00,0.00,,,,,,,,0.00,,,,,,,,0.00,0.00,,53,MFV 04644,BLK:05 PLN:09 POS:04,247.50
T064-B03,WT-165-S015,wood,galvin,8,BLK:05 PLN:09 POS:05,MFV 02356,250.3,4/19/13 11:44,4/19/2013 14:00,2:15:30,,,,,250.30,,,,,,,,0.00,,,,,,,,0.00,0.00,,,,,,,,0.00,,,,,,,,0.00,0.00,,,,,,,,0.00,,,,,,,,0.00,0.00,,54,MFV 02356,BLK:05 PLN:09 POS:05,250.30
T064-B03,WT-165-S015,wood,galvin,9,BLK:05 PLN:09 POS:06,MFV 02775,253.2,4/19/13 9:45,4/19/2013 11:59,2:13:57,,,,,253.20,,,,,,,,0.00,,,,,,,,0.00,0.00,,,,,,,,0.00,,,,,,,,0.00,0.00,,,,,,,,0.00,,,,,,,,0.00,0.00,,55,MFV 02775,BLK:05 PLN:09 POS:06,253.20
T064-B03,WT-165-S015,wood,galvin,9,BLK:05 PLN:09 POS:07,MFV 04635,248.3,4/19/13 11:59,4/19/2013 14:19,2:19:25,,,,,248.30,,,,,,,,0.00,,,,,,,,0.00,0.00,,,,,,,,0.00,,,,,,,,0.00,0.00,,,,,,,,0.00,,,,,,,,0.00,0.00,,56,MFV 04635,BLK:05 PLN:09 POS:07,248.30
T064-B03,WT-165-S015,wood,galvin,10,BLK:05 PLN:09 POS:08,MFV 02306,251.5,4/19/13 9:57,4/19/2013 12:18,2:21:14,,,,,251.50,,,,,,,,0.00,,,,,,,,0.00,0.00,,,,,,,,0.00,,,,,,,,0.00,0.00,,,,,,,,0.00,,,,,,,,0.00,0.00,,57,MFV 02306,BLK:05 PLN:09 POS:08,251.50
T064-B03,WT-165-S015,wood,galvin,10,BLK:05 PLN:09 POS:09,MFV 04663,249.2,4/19/13 12:19,4/19/2013 14:42,2:22:55,,,,,249.20,,,,,,,,0.00,,,,,,,,0.00,0.00,,,,,,,,0.00,,,,,,,,0.00,0.00,,,,,,,,0.00,,,,,,,,0.00,0.00,,58,MFV 04663,BLK:05 PLN:09 POS:09,249.20
T064-B03,WT-165-S015,wood,galvin,11,BLK:05 PLN:09 POS:10,MFV 02355,253.6,4/19/13 9:48,4/19/2013 12:05,2:17:26,,,,,253.60,,,,,,,,0.00,,,,,,,,0.00,0.00,,,,,,,,0.00,,,,,,,,0.00,0.00,,,,,,,,0.00,,,,,,,,0.00,0.00,,59,MFV 02355,BLK:05 PLN:09 POS:10,253.60
T064-B03,WT-165-S015,wood,galvin,11,BLK:05 PLN:09 POS:11,MFV 04556,250.1,4/19/13 12:06,4/19/2013 14:24,2:17:36,,,,,250.10,,,,,,,,0.00,,,,,,,,0.00,0.00,,,,,,,,0.00,,,,,,,,0.00,0.00,,,,,,,,0.00,,,,,,,,0.00,0.00,,60,MFV 04556,BLK:05 PLN:09 POS:11,250.10
T064-B03,WT-165-S015,wood,galvin,6,BLK:05 PLN:11 POS:00,MFV 04521,217.2,4/19/13 16:11,4/22/2013 11:58,67:46:41,,T64-B03,WT-116:S015,32.7,249.90,,,,,,,,0.00,,,,,,,,0.00,0.00,,,,,,,,0.00,,,,,,,,0.00,0.00,,,,,,,,0.00,,,,,,,,0.00,0.00,,61,MFV 04521,BLK:05 PLN:11 POS:00,249.90
T064-B03,WT-165-S015,blackmer,galvin,6,BLK:05 PLN:11 POS:01,MFV 02711,,4/22/13 12:00,4/22/2013 14:26,2:25:52,,T64-B03,WT-116:S015,249.1,249.10,,,,,,,,0.00,,,,,,,,0.00,0.00,,,,,,,,0.00,,,,,,,,0.00,0.00,,,,,,,,0.00,,,,,,,,0.00,0.00,,62,MFV 02711,BLK:05 PLN:11 POS:01,249.10
T064-B03,WT-165-S015,wood,galvin,7,BLK:05 PLN:11 POS:02,MFV 02707,251.5,4/19/13 14:49,4/22/2013 8:23,65:33:54,,,,,251.50,,,,,,,,0.00,,,,,,,,0.00,0.00,,,,,,,,0.00,,,,,,,,0.00,0.00,,,,,,,,0.00,,,,,,,,0.00,0.00,,63,MFV 02707,BLK:05 PLN:11 POS:02,251.50
T064-B03,WT-165-S015,blackmer,galvin,7,BLK:05 PLN:11 POS:03,MFV 02706,112.1,4/22/13 8:24,4/22/2013 12:49,4:25:10,,T64-B03,WT-116:S015,137.2,249.30,,,,,,,,0.00,,,,,,,,0.00,0.00,,,,,,,,0.00,,,,,,,,0.00,0.00,,,,,,,,0.00,,,,,,,,0.00,0.00,,64,MFV 02706,BLK:05 PLN:11 POS:03,249.30
T064-B03,WT-165-S015,wood,galvin,8,BLK:05 PLN:11 POS:04,MFV 04560,249.3,4/19/13 14:00,4/19/2013 16:19,2:19:01,,,,,249.30,,,,,,,,0.00,,,,,,,,0.00,0.00,,,,,,,,0.00,,,,,,,,0.00,0.00,,,,,,,,0.00,,,,,,,,0.00,0.00,,65,MFV 04560,BLK:05 PLN:11 POS:04,249.30
T064-B03,WT-165-S015,wood,galvin,8,BLK:05 PLN:11 POS:05,MFV 04557,213.2,4/19/13 16:19,4/22/2013 11:57,67:38:19,,T64-B03,WT-116:S015,36.4,249.60,,,,,,,,0.00,,,,,,,,0.00,0.00,,,,,,,,0.00,,,,,,,,0.00,0.00,,,,,,,,0.00,,,,,,,,0.00,0.00,,66,MFV 04557,BLK:05 PLN:11 POS:05,249.60
T064-B03,WT-165-S015,wood,galvin,9,BLK:05 PLN:11 POS:06,MFV 04559,250.8,4/19/13 14:19,4/22/2013 7:50,65:30:17,,,,,250.80,,,,,,,,0.00,,,,,,,,0.00,0.00,,,,,,,,0.00,,,,,,,,0.00,0.00,,,,,,,,0.00,,,,,,,,0.00,0.00,,67,MFV 04559,BLK:05 PLN:11 POS:06,250.80
T064-B03,WT-165-S015,blackmer,galvin,9,BLK:05 PLN:11 POS:07,MFV 04555,164.9,4/22/13 8:01,4/22/2013 12:26,4:25:00,,T64-B03,WT-116:S015,86.2,251.10,,,,,,,,0.00,,,,,,,,0.00,0.00,,,,,,,,0.00,,,,,,,,0.00,0.00,,,,,,,,0.00,,,,,,,,0.00,0.00,,68,MFV 04555,BLK:05 PLN:11 POS:07,251.10
T064-B03,WT-165-S015,wood,galvin,10,BLK:05 PLN:11 POS:08,MFV 04551,249.8,4/19/13 14:42,4/22/2013 8:13,65:30:51,,,,,249.80,,,,,,,,0.00,,,,,,,,0.00,0.00,,,,,,,,0.00,,,,,,,,0.00,0.00,,,,,,,,0.00,,,,,,,,0.00,0.00,,69,MFV 04551,BLK:05 PLN:11 POS:08,249.80
T064-B03,WT-165-S015,blackmer,galvin,10,BLK:05 PLN:11 POS:09,MFV 02753,128.2,4/22/13 8:13,4/22/2013 12:42,4:29:08,,T64-B03,WT-116:S015,123.3,251.50,,,,,,,,0.00,,,,,,,,0.00,0.00,,,,,,,,0.00,,,,,,,,0.00,0.00,,,,,,,,0.00,,,,,,,,0.00,0.00,,70,MFV 02753,BLK:05 PLN:11 POS:09,251.50
T064-B03,WT-165-S015,wood,galvin,11,BLK:05 PLN:11 POS:10,MFV 01791,252.6,4/19/13 14:24,4/22/2013 7:50,65:26:20,,,,,252.60,,,,,,,,0.00,,,,,,,,0.00,0.00,,,,,,,,0.00,,,,,,,,0.00,0.00,,,,,,,,0.00,,,,,,,,0.00,0.00,,71,MFV 01791,BLK:05 PLN:11 POS:10,252.60
T064-B03,WT-165-S015,blackmer,galvin,11,BLK:05 PLN:11 POS:11,MFV 02724,178,4/22/13 7:52,4/22/2013 12:24,4:31:52,,T64-B03,WT-116:S015,75.5,253.50,,,,,,,,0.00,,,,,,,,0.00,0.00,,,,,,,,0.00,,,,,,,,0.00,0.00,,,,,,,,0.00,,,,,,,,0.00,0.00,,72,MFV 02724,BLK:05 PLN:11 POS:11,253.50
T064-B03,WT-116:S015,blackmer,galvin,6,BLK:05 PLN:13 POS:00,MFV 01757,251.2,4/22/13 14:26,4/22/2013 16:39,2:13:50,,,,,251.20,,,,,,,,0.00,,,,,,,,0.00,0.00,,,,,,,,0.00,,,,,,,,0.00,0.00,,,,,,,,0.00,,,,,,,,0.00,0.00,,73,MFV 01757,BLK:05 PLN:13 POS:00,251.20
T064-B03,WT-116:S015,blackmer,galvin,6,BLK:05 PLN:13 POS:01,MFV 02716,250.5,4/22/13 16:40,4/22/2013 19:03,2:23:54,,,,,250.50,,,,,,,,0.00,,,,,,,,0.00,0.00,,,,,,,,0.00,,,,,,,,0.00,0.00,,,,,,,,0.00,,,,,,,,0.00,0.00,,74,MFV 02716,BLK:05 PLN:13 POS:01,250.50
T064-B03,WT-116:S015,blackmer,galvin,7,BLK:05 PLN:13 POS:02,MFV 01741,252.3,4/22/13 12:49,4/22/2013 15:21,2:32:18,,,,,252.30,,,,,,,,0.00,,,,,,,,0.00,0.00,,,,,,,,0.00,,,,,,,,0.00,0.00,,,,,,,,0.00,,,,,,,,0.00,0.00,,75,MFV 01741,BLK:05 PLN:13 POS:02,252.30
T064-B03,WT-116:S015,blackmer,galvin,7,BLK:05 PLN:13 POS:03,MFV 02714,251.1,4/22/13 15:22,4/22/2013 17:42,2:20:03,,,,,251.10,,,,,,,,0.00,,,,,,,,0.00,0.00,,,,,,,,0.00,,,,,,,,0.00,0.00,,,,,,,,0.00,,,,,,,,0.00,0.00,,76,MFV 02714,BLK:05 PLN:13 POS:03,251.10
T064-B03,WT-165-S015,blackmer,galvin,8,BLK:05 PLN:13 POS:04,MFV 02715,,4/22/13 11:59,4/22/2013 14:17,2:18:02,,T64-B03,WT-116:S015,247.2,247.20,,,,,,,,0.00,,,,,,,,0.00,0.00,,,,,,,,0.00,,,,,,,,0.00,0.00,,,,,,,,0.00,,,,,,,,0.00,0.00,,77,MFV 02715,BLK:05 PLN:13 POS:04,247.20
T064-B03,WT-116:S015,blackmer,galvin,8,BLK:05 PLN:13 POS:05,MFV 02717,250.7,4/22/13 14:17,4/22/2013 17:46,3:28:25,,,,,250.70,,,,,,,,0.00,,,,,,,,0.00,0.00,,,,,,,,0.00,,,,,,,,0.00,0.00,,,,,,,,0.00,,,,,,,,0.00,0.00,,78,MFV 02717,BLK:05 PLN:13 POS:05,250.70
T064-B03,WT-116:S015,blackmer,galvin,9,BLK:05 PLN:13 POS:06,MFV 01737,251.1,4/22/13 12:26,4/22/2013 14:45,2:18:49,,,,,251.10,,,,,,,,0.00,,,,,,,,0.00,0.00,,,,,,,,0.00,,,,,,,,0.00,0.00,,,,,,,,0.00,,,,,,,,0.00,0.00,,79,MFV 01737,BLK:05 PLN:13 POS:06,251.10
T064-B03,WT-116:S015,blackmer,galvin,9,BLK:05 PLN:13 POS:07,MFV 02740,253.3,4/22/13 14:45,4/22/2013 17:17,2:32:05,,,,,253.30,,,,,,,,0.00,,,,,,,,0.00,0.00,,,,,,,,0.00,,,,,,,,0.00,0.00,,,,,,,,0.00,,,,,,,,0.00,0.00,,80,MFV 02740,BLK:05 PLN:13 POS:07,253.30
T064-B03,WT-116:S015,blackmer,galvin,10,BLK:05 PLN:13 POS:08,MFV 04518,249.2,4/22/13 12:43,4/22/2013 15:18,2:35:06,,,,,249.20,,,,,,,,0.00,,,,,,,,0.00,0.00,,,,,,,,0.00,,,,,,,,0.00,0.00,,,,,,,,0.00,,,,,,,,0.00,0.00,,81,MFV 04518,BLK:05 PLN:13 POS:08,249.20
T064-B03,WT-116:S015,blackmer,galvin,10,BLK:05 PLN:13 POS:09,MFV 02746,250.8,4/22/13 15:18,4/22/2013 17:34,2:16:16,,,,,250.80,,,,,,,,0.00,,,,,,,,0.00,0.00,,,,,,,,0.00,,,,,,,,0.00,0.00,,,,,,,,0.00,,,,,,,,0.00,0.00,,82,MFV 02746,BLK:05 PLN:13 POS:09,250.80
T064-B03,WT-116:S015,blackmer,galvin,11,BLK:05 PLN:13 POS:10,MFV 02815,250.4,4/22/13 12:24,4/22/2013 14:48,2:23:38,,,,,250.40,,,,,,,,0.00,,,,,,,,0.00,0.00,,,,,,,,0.00,,,,,,,,0.00,0.00,,,,,,,,0.00,,,,,,,,0.00,0.00,,83,MFV 02815,BLK:05 PLN:13 POS:10,250.40
T064-B03,WT-116:S015,blackmer,galvin,11,BLK:05 PLN:13 POS:11,MFV 01969,253.4,4/22/13 14:39,4/22/2013 16:48,2:08:58,,,,,253.40,,,,,,,,0.00,,,,,,,,0.00,0.00,,,,,,,,0.00,,,,,,,,0.00,0.00,,,,,,,,0.00,,,,,,,,0.00,0.00,,84,MFV 01969,BLK:05 PLN:13 POS:11,253.40
T064-B03,WT-116:S015,daniel,jason,6,BLK:05 PLN:15 POS:00,MFV 02878,250.4,4/22/13 19:04,4/22/2013 21:28,2:24:15,,,,,250.40,,,,,,,,0.00,,,,,,,,0.00,0.00,,,,,,,,0.00,,,,,,,,0.00,0.00,,,,,,,,0.00,,,,,,,,0.00,0.00,,85,MFV 02878,BLK:05 PLN:15 POS:00,250.40
T064-B03,WT-116:S015,daniel,jason,6,BLK:05 PLN:15 POS:01,MFV 01756,53.7,4/22/13 21:28,4/23/2013 0:25,2:56:47,swap,T064-B03,WT-169:S015,197.2,250.90,,,,,,,,0.00,,,,,,,,0.00,0.00,,,,,,,,0.00,,,,,,,,0.00,0.00,,,,,,,,0.00,,,,,,,,0.00,0.00,,86,MFV 01756,BLK:05 PLN:15 POS:01,250.90
T064-B03,WT-116:S015,daniel,jason,7,BLK:05 PLN:15 POS:02,MFV 04514,250.5,4/22/13 17:42,4/22/2013 20:09,2:27:30,,,,,250.50,,,,,,,,0.00,,,,,,,,0.00,0.00,,,,,,,,0.00,,,,,,,,0.00,0.00,,,,,,,,0.00,,,,,,,,0.00,0.00,,87,MFV 04514,BLK:05 PLN:15 POS:02,250.50
T064-B03,WT-116:S015,daniel,jason,7,BLK:05 PLN:15 POS:03,MFV 02700,184.5,4/22/13 20:10,4/22/2013 23:15,3:04:58,swap,T064-B03,WT-169:S015,68.5,253.00,,,,,,,,0.00,,,,,,,,0.00,0.00,,,,,,,,0.00,,,,,,,,0.00,0.00,,,,,,,,0.00,,,,,,,,0.00,0.00,,88,MFV 02700,BLK:05 PLN:15 POS:03,253.00
T064-B03,WT-116:S015,daniel,jason,8,BLK:05 PLN:15 POS:04,MFV 04513,247.8,4/22/13 17:46,4/22/2013 20:02,2:15:35,,,,,247.80,,,,,,,,0.00,,,,,,,,0.00,0.00,,,,,,,,0.00,,,,,,,,0.00,0.00,,,,,,,,0.00,,,,,,,,0.00,0.00,,89,MFV 04513,BLK:05 PLN:15 POS:04,247.80
T064-B03,WT-116:S015,daniel,jason,8,BLK:05 PLN:15 POS:05,MFV 01972,212.9,4/22/13 20:02,4/22/2013 22:53,2:50:39,swap,T064-B03,WT-169:S015,37.5,250.40,,,,,,,,0.00,,,,,,,,0.00,0.00,,,,,,,,0.00,,,,,,,,0.00,0.00,,,,,,,,0.00,,,,,,,,0.00,0.00,,90,MFV 01972,BLK:05 PLN:15 POS:05,250.40
T064-B03,WT-116:S015,daniel,jason,9,BLK:05 PLN:15 POS:06,MFV 04510,250.2,4/22/13 17:15,4/22/2013 19:43,2:27:58,,,,,250.20,,,,,,,,0.00,,,,,,,,0.00,0.00,,,,,,,,0.00,,,,,,,,0.00,0.00,,,,,,,,0.00,,,,,,,,0.00,0.00,,91,MFV 04510,BLK:05 PLN:15 POS:06,250.20
T064-B03,WT-116:S015,daniel,jason,9,BLK:05 PLN:15 POS:07,MFV 01759,243,4/22/13 19:43,4/22/2013 22:35,2:52:21,swap,T064-B03,WT-169:S015,7.6,250.60,,,,,,,,0.00,,,,,,,,0.00,0.00,,,,,,,,0.00,,,,,,,,0.00,0.00,,,,,,,,0.00,,,,,,,,0.00,0.00,,92,MFV 01759,BLK:05 PLN:15 POS:07,250.60
T064-B03,WT-116:S015,daniel,jason,10,BLK:05 PLN:15 POS:08,MFV 02702,250.4,4/22/13 17:34,4/22/2013 19:54,2:19:48,,,,,250.40,,,,,,,,0.00,,,,,,,,0.00,0.00,,,,,,,,0.00,,,,,,,,0.00,0.00,,,,,,,,0.00,,,,,,,,0.00,0.00,,93,MFV 02702,BLK:05 PLN:15 POS:08,250.40
T064-B03,WT-116:S015,daniel,jason,10,BLK:05 PLN:15 POS:09,MFV 04508,224.2,4/22/13 19:54,4/22/2013 22:45,2:50:45,swap,T064-B03,WT-169:S015,25.9,250.10,,,,,,,,0.00,,,,,,,,0.00,0.00,,,,,,,,0.00,,,,,,,,0.00,0.00,,,,,,,,0.00,,,,,,,,0.00,0.00,,94,MFV 04508,BLK:05 PLN:15 POS:09,250.10
T064-B03,WT-116:S015,blackmer,galvin,11,BLK:05 PLN:15 POS:10,MFV 01758,253.2,4/22/13 16:48,4/22/2013 19:07,2:18:45,,,,,253.20,,,,,,,,0.00,,,,,,,,0.00,0.00,,,,,,,,0.00,,,,,,,,0.00,0.00,,,,,,,,0.00,,,,,,,,0.00,0.00,,95,MFV 01758,BLK:05 PLN:15 POS:10,253.20
T064-B03,WT-116:S015,daniel,jason,11,BLK:05 PLN:15 POS:11,MFV 04570,250.7,4/22/13 19:07,4/22/2013 21:23,2:16:05,,,,,250.70,,,,,,,,0.00,,,,,,,,0.00,0.00,,,,,,,,0.00,,,,,,,,0.00,0.00,,,,,,,,0.00,,,,,,,,0.00,0.00,,96,MFV 04570,BLK:05 PLN:15 POS:11,250.70
T064-B03,WT-169:S015,daniel,jason,6,BLK:05 PLN:17 POS:00,MFV 02319,251.2,4/23/13 0:25,4/23/2013 2:50,2:24:49,,,,,251.20,,,,,,,,0.00,,,,,,,,0.00,0.00,,,,,,,,0.00,,,,,,,,0.00,0.00,,,,,,,,0.00,,,,,,,,0.00,0.00,,97,MFV 02319,BLK:05 PLN:17 POS:00,251.20
T064-B03,WT-169:S015,daniel,jason,6,BLK:05 PLN:17 POS:01,MFV 02038,252.9,4/23/13 2:50,4/23/2013 9:09,6:18:56,,,,,252.90,,,,,,,,0.00,,,,,,,,0.00,0.00,,,,,,,,0.00,,,,,,,,0.00,0.00,,,,,,,,0.00,,,,,,,,0.00,0.00,,98,MFV 02038,BLK:05 PLN:17 POS:01,252.90
T064-B03,WT-169:S015,daniel,jason,7,BLK:05 PLN:17 POS:02,MFV 02047,252.8,4/22/13 23:15,4/23/2013 1:45,2:30:18,,,,,252.80,,,,,,,,0.00,,,,,,,,0.00,0.00,,,,,,,,0.00,,,,,,,,0.00,0.00,,,,,,,,0.00,,,,,,,,0.00,0.00,,99,MFV 02047,BLK:05 PLN:17 POS:02,252.80
T064-B03,WT-169:S015,daniel,jason,7,BLK:05 PLN:17 POS:03,MFV 02100,251.7,4/23/13 1:45,4/23/2013 8:06,6:20:36,,,,,251.70,,,,,,,,0.00,,,,,,,,0.00,0.00,,,,,,,,0.00,,,,,,,,0.00,0.00,,,,,,,,0.00,,,,,,,,0.00,0.00,,100,MFV 02100,BLK:05 PLN:17 POS:03,251.70
T064-B03,WT-169:S015,daniel,jason,8,BLK:05 PLN:17 POS:04,MFV 04573,251.4,4/22/13 22:53,4/23/2013 1:10,2:16:31,,,,,251.40,,,,,,,,0.00,,,,,,,,0.00,0.00,,,,,,,,0.00,,,,,,,,0.00,0.00,,,,,,,,0.00,,,,,,,,0.00,0.00,,101,MFV 04573,BLK:05 PLN:17 POS:04,251.40
T064-B03,WT-169:S015,daniel,jason,8,BLK:05 PLN:17 POS:05,MFV 02117,251.3,4/23/13 1:11,4/23/2013 7:24,6:13:53,,,,,251.30,,,,,,,,0.00,,,,,,,,0.00,0.00,,,,,,,,0.00,,,,,,,,0.00,0.00,,,,,,,,0.00,,,,,,,,0.00,0.00,,102,MFV 02117,BLK:05 PLN:17 POS:05,251.30
T064-B03,WT-169:S015,daniel,jason,9,BLK:05 PLN:17 POS:06,MFV 02104,250.4,4/22/13 22:36,4/23/2013 0:54,2:18:00,,,,,250.40,,,,,,,,0.00,,,,,,,,0.00,0.00,,,,,,,,0.00,,,,,,,,0.00,0.00,,,,,,,,0.00,,,,,,,,0.00,0.00,,103,MFV 02104,BLK:05 PLN:17 POS:06,250.40
T064-B03,WT-169:S015,daniel,jason,9,BLK:05 PLN:17 POS:07,MFV 02109,252.3,4/23/13 0:54,4/23/2013 7:23,6:29:03,,,,,252.30,,,,,,,,0.00,,,,,,,,0.00,0.00,,,,,,,,0.00,,,,,,,,0.00,0.00,,,,,,,,0.00,,,,,,,,0.00,0.00,,104,MFV 02109,BLK:05 PLN:17 POS:07,252.30
T064-B03,WT-169:S015,daniel,jason,10,BLK:05 PLN:17 POS:08,MFV 04568,250.4,4/22/13 22:45,4/23/2013 1:03,2:17:13,,,,,250.40,,,,,,,,0.00,,,,,,,,0.00,0.00,,,,,,,,0.00,,,,,,,,0.00,0.00,,,,,,,,0.00,,,,,,,,0.00,0.00,,105,MFV 04568,BLK:05 PLN:17 POS:08,250.40
T064-B03,WT-169:S015,daniel,jason,10,BLK:05 PLN:17 POS:09,MFV 02843,252.2,4/23/13 1:03,4/23/2013 7:31,6:27:40,,,,,252.20,,,,,,,,0.00,,,,,,,,0.00,0.00,,,,,,,,0.00,,,,,,,,0.00,0.00,,,,,,,,0.00,,,,,,,,0.00,0.00,,106,MFV 02843,BLK:05 PLN:17 POS:09,252.20
T064-B03,WT-116:S015,daniel,jason,11,BLK:05 PLN:17 POS:10,MFV 04578,63.9,4/22/13 21:24,4/23/2013 0:12,2:48:12,swap,T064-B03,WT-169:S015,188.9,252.80,,,,,,,,0.00,,,,,,,,0.00,0.00,,,,,,,,0.00,,,,,,,,0.00,0.00,,,,,,,,0.00,,,,,,,,0.00,0.00,,107,MFV 04578,BLK:05 PLN:17 POS:10,252.80
T064-B03,WT-169:S015,daniel,jason,11,BLK:05 PLN:17 POS:11,MFV 02320,253,4/23/13 0:12,4/23/2013 2:34,2:21:32,,,,,253.00,,,,,,,,0.00,,,,,,,,0.00,0.00,,,,,,,,0.00,,,,,,,,0.00,0.00,,,,,,,,0.00,,,,,,,,0.00,0.00,,108,MFV 02320,BLK:05 PLN:17 POS:11,253.00
T064-B03,WT-169:S015,galvin,blackmer,6,BLK:05 PLN:19 POS:00,MFV 01804,250.5,4/23/13 9:10,4/23/2013 11:30,2:20:30,,,,,250.50,,,,,,,,0.00,,,,,,,,0.00,0.00,,,,,,,,0.00,,,,,,,,0.00,0.00,,,,,,,,0.00,,,,,,,,0.00,0.00,,109,MFV 01804,BLK:05 PLN:19 POS:00,250.50
T064-B03,WT-169:S015,galvin,blackmer,6,BLK:05 PLN:19 POS:01,MFV 02303,141.9,4/23/13 11:31,4/23/2013 15:00,3:29:12,swap,T059-B03,WT-164:S015,110.6,252.50,,,,,,,,0.00,,,,,,,,0.00,0.00,,,,,,,,0.00,,,,,,,,0.00,0.00,,,,,,,,0.00,,,,,,,,0.00,0.00,,110,MFV 02303,BLK:05 PLN:19 POS:01,252.50
T064-B03,WT-169:S015,galvin,blackmer,7,BLK:05 PLN:19 POS:02,MFV 02322,252.4,4/23/13 8:06,4/23/2013 10:25,2:19:14,,,,,252.40,,,,,,,,0.00,,,,,,,,0.00,0.00,,,,,,,,0.00,,,,,,,,0.00,0.00,,,,,,,,0.00,,,,,,,,0.00,0.00,,111,MFV 02322,BLK:05 PLN:19 POS:02,252.40
T064-B03,WT-169:S015,galvin,blackmer,7,BLK:05 PLN:19 POS:03,MFV 04633,244.1,4/23/13 10:26,4/23/2013 14:01,3:35:19,swap,T059-B03,WT-164:S015,6.7,250.80,,,,,,,,0.00,,,,,,,,0.00,0.00,,,,,,,,0.00,,,,,,,,0.00,0.00,,,,,,,,0.00,,,,,,,,0.00,0.00,,112,MFV 04633,BLK:05 PLN:19 POS:03,250.80
T064-B03,WT-169:S015,galvin,blackmer,8,BLK:05 PLN:19 POS:04,MFV 04642,252.7,4/23/13 7:26,4/23/2013 9:51,2:25:18,,,,,252.70,,,,,,,,0.00,,,,,,,,0.00,0.00,,,,,,,,0.00,,,,,,,,0.00,0.00,,,,,,,,0.00,,,,,,,,0.00,0.00,,113,MFV 04642,BLK:05 PLN:19 POS:04,252.70
T064-B03,WT-169:S015,galvin,blackmer,8,BLK:05 PLN:19 POS:05,MFV 01994,250.7,4/23/13 9:52,4/23/2013 12:14,2:21:59,,,,,250.70,,,,,,,,0.00,,,,,,,,0.00,0.00,,,,,,,,0.00,,,,,,,,0.00,0.00,,,,,,,,0.00,,,,,,,,0.00,0.00,,114,MFV 01994,BLK:05 PLN:19 POS:05,250.70
T064-B03,WT-169:S015,galvin,blackmer,9,BLK:05 PLN:19 POS:06,MFV 02014,251.4,4/23/13 7:25,4/23/2013 9:52,2:26:11,,,,,251.40,,,,,,,,0.00,,,,,,,,0.00,0.00,,,,,,,,0.00,,,,,,,,0.00,0.00,,,,,,,,0.00,,,,,,,,0.00,0.00,,115,MFV 02014,BLK:05 PLN:19 POS:06,251.40
T064-B03,WT-169:S015,galvin,blackmer,9,BLK:05 PLN:19 POS:07,MFV 02360,252.2,4/23/13 9:53,4/23/2013 12:18,2:25:02,,,,,252.20,,,,,,,,0.00,,,,,,,,0.00,0.00,,,,,,,,0.00,,,,,,,,0.00,0.00,,,,,,,,0.00,,,,,,,,0.00,0.00,,116,MFV 02360,BLK:05 PLN:19 POS:07,252.20
T064-B03,WT-169:S015,galvin,blackmer,10,BLK:05 PLN:19 POS:08,MFV 02321,251.8,4/23/13 7:30,4/23/2013 9:52,2:21:44,,,,,251.80,,,,,,,,0.00,,,,,,,,0.00,0.00,,,,,,,,0.00,,,,,,,,0.00,0.00,,,,,,,,0.00,,,,,,,,0.00,0.00,,117,MFV 02321,BLK:05 PLN:19 POS:08,251.80
T064-B03,WT-169:S015,galvin,blackmer,10,BLK:05 PLN:19 POS:09,MFV 02354,252.3,4/23/13 9:53,4/23/2013 12:20,2:27:39,,,,,252.30,,,,,,,,0.00,,,,,,,,0.00,0.00,,,,,,,,0.00,,,,,,,,0.00,0.00,,,,,,,,0.00,,,,,,,,0.00,0.00,,118,MFV 02354,BLK:05 PLN:19 POS:09,252.30
T064-B03,WT-169:S015,daniel,jason,11,BLK:05 PLN:19 POS:10,MFV 04620,250.8,4/23/13 2:34,4/23/2013 8:45,6:10:42,,,,,250.80,,,,,,,,0.00,,,,,,,,0.00,0.00,,,,,,,,0.00,,,,,,,,0.00,0.00,,,,,,,,0.00,,,,,,,,0.00,0.00,,119,MFV 04620,BLK:05 PLN:19 POS:10,250.80
T064-B03,WT-169:S015,galvin,blackmer,11,BLK:05 PLN:19 POS:11,MFV 04535,251.7,4/23/13 8:45,4/23/2013 10:58,2:12:45,,,,,251.70,,,,,,,,0.00,,,,,,,,0.00,0.00,,,,,,,,0.00,,,,,,,,0.00,0.00,,,,,,,,0.00,,,,,,,,0.00,0.00,,120,MFV 04535,BLK:05 PLN:19 POS:11,251.70
T059-B03,WT-164:S015,galvin,blackmer,6,BLK:05 PLN:21 POS:00,MFV 02860,250.5,4/23/13 15:00,4/23/2013 18:08,3:08:20,,,,,250.50,,,,,,,,0.00,,,,,,,,0.00,0.00,,,,,,,,0.00,,,,,,,,0.00,0.00,,,,,,,,0.00,,,,,,,,0.00,0.00,,121,MFV 02860,BLK:05 PLN:21 POS:00,250.50
T059-B03,WT-164:S015,daniel,jason,6,BLK:05 PLN:21 POS:01,MFV 02689,252.9,4/23/2013 18:09,4/23/2013 20:37,2:28:37,,,,,252.90,,,,,,,,0.00,,,,,,,,0.00,0.00,,,,,,,,0.00,,,,,,,,0.00,0.00,,,,,,,,0.00,,,,,,,,0.00,0.00,,122,MFV 02689,BLK:05 PLN:21 POS:01,252.90
T059-B03,WT-164:S015,galvin,blackmer,7,BLK:05 PLN:21 POS:02,MFV 02696,253.6,4/23/2013 14:02,4/23/2013 16:33,2:31:20,,,,,253.60,,,,,,,,0.00,,,,,,,,0.00,0.00,,,,,,,,0.00,,,,,,,,0.00,0.00,,,,,,,,0.00,,,,,,,,0.00,0.00,,123,MFV 02696,BLK:05 PLN:21 POS:02,253.60
T059-B03,WT-164:S015,galvin,blackmer,7,BLK:05 PLN:21 POS:03,MFV 02693,247,4/23/2013 16:33,4/23/2013 19:38,3:04:33,,,,,247.00,,,,,,,,0.00,,,,,,,,0.00,0.00,,,,,,,,0.00,,,,,,,,0.00,0.00,,,,,,,,0.00,,,,,,,,0.00,0.00,,124,MFV 02693,BLK:05 PLN:21 POS:03,247.00
T064-B03,WT-169:S015,galvin,blackmer,8,BLK:05 PLN:21 POS:04,MFV 02688,65.2,4/23/2013 12:15,4/23/2013 15:39,3:24:12,swap,T059-B03,WT-164:S015,185.3,250.50,,,,,,,,0.00,,,,,,,,0.00,0.00,,,,,,,,0.00,,,,,,,,0.00,0.00,,,,,,,,0.00,,,,,,,,0.00,0.00,,125,MFV 02688,BLK:05 PLN:21 POS:04,250.50
T059-B03,WT-164:S015,galvin,blackmer,8,BLK:05 PLN:21 POS:05,MFV 02756,250.1,4/23/2013 15:40,4/23/2013 18:40,3:00:14,,,,,250.10,,,,,,,,0.00,,,,,,,,0.00,0.00,,,,,,,,0.00,,,,,,,,0.00,0.00,,,,,,,,0.00,,,,,,,,0.00,0.00,,126,MFV 02756,BLK:05 PLN:21 POS:05,250.10
T064-B03,WT-169:S015,galvin,blackmer,9,BLK:05 PLN:21 POS:06,MFV 02686,53.9,4/23/2013 12:21,4/23/2013 15:48,3:26:51,swap,T059-B03,WT-164:S015,197.3,251.20,,,,,,,,0.00,,,,,,,,0.00,0.00,,,,,,,,0.00,,,,,,,,0.00,0.00,,,,,,,,0.00,,,,,,,,0.00,0.00,,127,MFV 02686,BLK:05 PLN:21 POS:06,251.20
T059-B03,WT-164:S015,galvin,blackmer,9,BLK:05 PLN:21 POS:07,MFV 02694,250.2,4/23/2013 15:48,4/23/2013 18:52,3:04:20,,,,,250.20,,,,,,,,0.00,,,,,,,,0.00,0.00,,,,,,,,0.00,,,,,,,,0.00,0.00,,,,,,,,0.00,,,,,,,,0.00,0.00,,128,MFV 02694,BLK:05 PLN:21 POS:07,250.20
T064-B03,WT-169:S015,galvin,blackmer,10,BLK:05 PLN:21 POS:08,MFV 02687,45.6,4/23/2013 12:27,4/23/2013 15:53,3:25:37,swap,T059-B03,WT-164:S015,204.9,250.50,,,,,,,,0.00,,,,,,,,0.00,0.00,,,,,,,,0.00,,,,,,,,0.00,0.00,,,,,,,,0.00,,,,,,,,0.00,0.00,,129,MFV 02687,BLK:05 PLN:21 POS:08,250.50
T059-B03,WT-164:S015,galvin,blackmer,10,BLK:05 PLN:21 POS:09,MFV 02754,249.8,4/23/2013 15:53,4/23/2013 18:59,3:06:20,,,,,249.80,,,,,,,,0.00,,,,,,,,0.00,0.00,,,,,,,,0.00,,,,,,,,0.00,0.00,,,,,,,,0.00,,,,,,,,0.00,0.00,,130,MFV 02754,BLK:05 PLN:21 POS:09,249.80
T064-B03,WT-169:S015,galvin,blackmer,11,BLK:05 PLN:21 POS:11,MFV 02758,211.4,4/23/2013 10:58,4/23/2013 14:19,3:20:38,swap,T059-B03,WT-164:S015,40.7,252.10,,,,,,,,0.00,,,,,,,,0.00,0.00,,,,,,,,0.00,,,,,,,,0.00,0.00,,,,,,,,0.00,,,,,,,,0.00,0.00,,131,MFV 02758,BLK:05 PLN:21 POS:11,252.10
T059-B03,WT-164:S015,galvin,blackmer,11,BLK:05 PLN:21 POS:11,MFV 01996,251.3,4/23/2013 14:19,4/23/2013 16:39,2:19:52,,,,,251.30,,,,,,,,0.00,,,,,,,,0.00,0.00,,,,,,,,0.00,,,,,,,,0.00,0.00,,,,,,,,0.00,,,,,,,,0.00,0.00,,132,MFV 01996,BLK:05 PLN:21 POS:11,251.30
T059-B03,WT-164:S015,daniel,jason,6,BLK:05 PLN:23 POS:00,MFV 03353,250.3,4/23/13 20:37,4/23/2013 23:04,2:26:55,,,,,250.30,,,,,,,,0.00,,,,,,,,0.00,0.00,,,,,,,,0.00,,,,,,,,0.00,0.00,,,,,,,,0.00,,,,,,,,0.00,0.00,,133,MFV 03353,BLK:05 PLN:23 POS:00,250.30
T059-B03,WT-164:S015,daniel,jason,6,BLK:05 PLN:23 POS:01,MFV 03140,215.9,4/23/13 23:03,4/24/2013 2:01,2:57:48,switch,T059-B03,WT-166:S017,34.1,250.00,,,,,,,,0.00,,,,,,,,0.00,0.00,,,,,,,,0.00,,,,,,,,0.00,0.00,,,,,,,,0.00,,,,,,,,0.00,0.00,,134,MFV 03140,BLK:05 PLN:23 POS:01,250.00
T059-B03,WT-164:S015,daniel,jason,7,BLK:05 PLN:23 POS:02,MFV 03041,250.4,4/23/2013 19:38,4/23/2013 21:59,2:21:14,,,,,250.40,,,,,,,,0.00,,,,,,,,0.00,0.00,,,,,,,,0.00,,,,,,,,0.00,0.00,,,,,,,,0.00,,,,,,,,0.00,0.00,,135,MFV 03041,BLK:05 PLN:23 POS:02,250.40
T059-B03,WT-164:S015,daniel,jason,7,BLK:05 PLN:23 POS:03,MFV 04621,249.4,4/23/13 21:59,4/24/2013 0:23,2:23:29,,,,,249.40,,,,,,,,0.00,,,,,,,,0.00,0.00,,,,,,,,0.00,,,,,,,,0.00,0.00,,,,,,,,0.00,,,,,,,,0.00,0.00,,136,MFV 04621,BLK:05 PLN:23 POS:03,249.40
T059-B03,WT-164:S015,daniel,jason,8,BLK:05 PLN:23 POS:04,MFV 03371,248.9,4/23/13 18:40,4/23/2013 20:58,2:17:14,,,,,248.90,,,,,,,,0.00,,,,,,,,0.00,0.00,,,,,,,,0.00,,,,,,,,0.00,0.00,,,,,,,,0.00,,,,,,,,0.00,0.00,,137,MFV 03371,BLK:05 PLN:23 POS:04,248.90
T059-B03,WT-164:S015,daniel,jason,8,BLK:05 PLN:23 POS:05,MFV 04637,247.8,4/23/13 20:58,4/23/2013 23:13,2:15:12,,,,,247.80,,,,,,,,0.00,,,,,,,,0.00,0.00,,,,,,,,0.00,,,,,,,,0.00,0.00,,,,,,,,0.00,,,,,,,,0.00,0.00,,138,MFV 04637,BLK:05 PLN:23 POS:05,247.80
T059-B03,WT-164:S015,daniel,jason,9,BLK:05 PLN:23 POS:06,MFV 04630,249.6,4/23/13 18:55,4/23/2013 21:18,2:23:46,,,,,249.60,,,,,,,,0.00,,,,,,,,0.00,0.00,,,,,,,,0.00,,,,,,,,0.00,0.00,,,,,,,,0.00,,,,,,,,0.00,0.00,,139,MFV 04630,BLK:05 PLN:23 POS:06,249.60
T059-B03,WT-164:S015,daniel,jason,9,BLK:05 PLN:23 POS:07,MFV 02327,250.8,4/23/13 21:19,4/23/2013 23:39,2:20:28,,,,,250.80,,,,,,,,0.00,,,,,,,,0.00,0.00,,,,,,,,0.00,,,,,,,,0.00,0.00,,,,,,,,0.00,,,,,,,,0.00,0.00,,140,MFV 02327,BLK:05 PLN:23 POS:07,250.80
T059-B03,WT-164:S015,daniel,jason,10,BLK:05 PLN:23 POS:08,MFV 03380,250.4,4/23/13 18:59,4/23/2013 21:21,2:21:22,,,,,250.40,,,,,,,,0.00,,,,,,,,0.00,0.00,,,,,,,,0.00,,,,,,,,0.00,0.00,,,,,,,,0.00,,,,,,,,0.00,0.00,,141,MFV 03380,BLK:05 PLN:23 POS:08,250.40
T059-B03,WT-164:S015,daniel,jason,10,BLK:05 PLN:23 POS:09,MFV 01730,250.8,4/23/13 21:21,4/23/2013 23:42,2:20:36,,,,,250.80,,,,,,,,0.00,,,,,,,,0.00,0.00,,,,,,,,0.00,,,,,,,,0.00,0.00,,,,,,,,0.00,,,,,,,,0.00,0.00,,142,MFV 01730,BLK:05 PLN:23 POS:09,250.80
T059-B03,WT-164:S015,galvin,blackmer,11,BLK:05 PLN:23 POS:10,MFV 04609,252.5,4/23/2013 16:39,4/23/2013 19:34,2:55:12,,,,,252.50,,,,,,,,0.00,,,,,,,,0.00,0.00,,,,,,,,0.00,,,,,,,,0.00,0.00,,,,,,,,0.00,,,,,,,,0.00,0.00,,143,MFV 04609,BLK:05 PLN:23 POS:10,252.50
T059-B03,WT-164:S015,daniel,jason,11,BLK:05 PLN:23 POS:11,MFV 03368,251.7,4/23/13 19:35,4/23/2013 21:52,2:17:44,,,,,251.70,,,,,,,,0.00,,,,,,,,0.00,0.00,,,,,,,,0.00,,,,,,,,0.00,0.00,,,,,,,,0.00,,,,,,,,0.00,0.00,,144,MFV 03368,BLK:05 PLN:23 POS:11,251.70
T059-B03,WT-166:S017,daniel,jason,6,BLK:05 PLN:25 POS:00,MFV 02000,249.8,4/24/13 2:01,4/24/2013 7:58,5:56:55,,,,,249.80,,,,,,,,0.00,,,,,,,,0.00,0.00,,,,,,,,0.00,,,,,,,,0.00,0.00,,,,,,,,0.00,,,,,,,,0.00,0.00,,145,MFV 02000,BLK:05 PLN:25 POS:00,249.80
T059-B03,WT-116:S017,galvin,blackmer,6,BLK:05 PLN:25 POS:01,MFV 03348,250.9,4/24/13 7:59,4/24/2013 10:46,2:46:20,,,,,250.90,,,,,,,,0.00,,,,,,,,0.00,0.00,,,,,,,,0.00,,,,,,,,0.00,0.00,,,,,,,,0.00,,,,,,,,0.00,0.00,,146,MFV 03348,BLK:05 PLN:25 POS:01,250.90
T059-B03,WT-164:S015,daniel,jason,7,BLK:05 PLN:25 POS:02,MFV 02018,78.6,4/24/13 0:23,4/24/2013 7:02,6:39:13,switch,T059-B03,WT-166:S017,171.9,250.50,,,,,,,,0.00,,,,,,,,0.00,0.00,,,,,,,,0.00,,,,,,,,0.00,0.00,,,,,,,,0.00,,,,,,,,0.00,0.00,,147,MFV 02018,BLK:05 PLN:25 POS:02,250.50
T059-B03,WT-116:S017,galvin,blackmer,7,BLK:05 PLN:25 POS:03,MFV 04591,251.9,4/24/13 7:04,4/24/2013 9:33,2:28:50,,,,,251.90,,,,,,,,0.00,,,,,,,,0.00,0.00,,,,,,,,0.00,,,,,,,,0.00,0.00,,,,,,,,0.00,,,,,,,,0.00,0.00,,148,MFV 04591,BLK:05 PLN:25 POS:03,251.90
T059-B03,WT-164:S015,daniel,jason,8,BLK:05 PLN:25 POS:04,MFV 02024,210.2,4/23/13 23:14,4/24/2013 2:03,2:49:32,switch,T059-B03,WT-166:S017,40.6,250.80,,,,,,,,0.00,,,,,,,,0.00,0.00,,,,,,,,0.00,,,,,,,,0.00,0.00,,,,,,,,0.00,,,,,,,,0.00,0.00,,149,MFV 02024,BLK:05 PLN:25 POS:04,250.80
T059-B03,WT-166:S017,daniel,jason,8,BLK:05 PLN:25 POS:05,MFV 03376,249.7,4/24/13 2:03,4/24/2013 7:52,5:48:34,,,,,249.70,,,,,,,,0.00,,,,,,,,0.00,0.00,,,,,,,,0.00,,,,,,,,0.00,0.00,,,,,,,,0.00,,,,,,,,0.00,0.00,,150,MFV 03376,BLK:05 PLN:25 POS:05,249.70
T059-B03,WT-164:S015,daniel,jason,9,BLK:05 PLN:25 POS:06,MFV 03408,158.5,4/23/13 23:39,4/24/2013 2:17,2:37:20,switch,T059-B03,WT-166:S017,92.1,250.60,,,,,,,,0.00,,,,,,,,0.00,0.00,,,,,,,,0.00,,,,,,,,0.00,0.00,,,,,,,,0.00,,,,,,,,0.00,0.00,,151,MFV 03408,BLK:05 PLN:25 POS:06,250.60
T059-B03,WT-166:S017,daniel,jason,9,BLK:05 PLN:25 POS:07,MFV 03356,249.3,4/24/13 2:17,4/24/2013 8:08,5:51:25,,,,,249.30,,,,,,,,0.00,,,,,,,,0.00,0.00,,,,,,,,0.00,,,,,,,,0.00,0.00,,,,,,,,0.00,,,,,,,,0.00,0.00,,152,MFV 03356,BLK:05 PLN:25 POS:07,249.30
T059-B03,WT-164:S015,daniel,jason,10,BLK:05 PLN:25 POS:08,MFV 03329,152,4/23/13 23:42,4/24/2013 2:34,2:52:11,switch,T059-B03,WT-166:S017,97.5,249.50,,,,,,,,0.00,,,,,,,,0.00,0.00,,,,,,,,0.00,,,,,,,,0.00,0.00,,,,,,,,0.00,,,,,,,,0.00,0.00,,153,MFV 03329,BLK:05 PLN:25 POS:08,249.50
T059-B03,WT-166:S017,daniel,jason,10,BLK:05 PLN:25 POS:09,MFV 03352,250.3,4/24/13 2:34,4/24/2013 8:28,5:53:14,,,,,250.30,,,,,,,,0.00,,,,,,,,0.00,0.00,,,,,,,,0.00,,,,,,,,0.00,0.00,,,,,,,,0.00,,,,,,,,0.00,0.00,,154,MFV 03352,BLK:05 PLN:25 POS:09,250.30
T059-B03,WT-164:S015,daniel,jason,11,BLK:05 PLN:25 POS:10,MFV 01734,252,4/23/13 21:52,4/24/2013 0:20,2:27:24,,,,,252.00,,,,,,,,0.00,,,,,,,,0.00,0.00,,,,,,,,0.00,,,,,,,,0.00,0.00,,,,,,,,0.00,,,,,,,,0.00,0.00,,155,MFV 01734,BLK:05 PLN:25 POS:10,252.00
T059-B03,WT-164:S015,daniel,jason,11,BLK:05 PLN:25 POS:11,MFV 02001,88.6,4/24/13 0:20,4/24/2013 3:09,2:48:25,switch,T059-B03,WT-166:S017,161.6,250.20,,,,,,,,0.00,,,,,,,,0.00,0.00,,,,,,,,0.00,,,,,,,,0.00,0.00,,,,,,,,0.00,,,,,,,,0.00,0.00,,156,MFV 02001,BLK:05 PLN:25 POS:11,250.20
T059-B03,WT-116:S017,galvin,blackmer,6,BLK:05 PLN:27 POS:00,MFV 01135,248.2,4/24/13 10:46,4/24/2013 13:16,2:29:56,,,,,248.20,,,,,,,,0.00,,,,,,,,0.00,0.00,,,,,,,,0.00,,,,,,,,0.00,0.00,,,,,,,,0.00,,,,,,,,0.00,0.00,,157,MFV 01135,BLK:05 PLN:27 POS:00,248.20
T059-B03,WT-116:S017,galvin,blackmer,6,BLK:05 PLN:27 POS:01,MFV 03332,251.3,4/24/2013 13:17,4/24/2013 16:34,3:17:27,,,,,251.30,,,,,,,,0.00,,,,,,,,0.00,0.00,,,,,,,,0.00,,,,,,,,0.00,0.00,,,,,,,,0.00,,,,,,,,0.00,0.00,,158,MFV 03332,BLK:05 PLN:27 POS:01,251.30
T059-B03,WT-116:S017,galvin,blackmer,7,BLK:05 PLN:27 POS:02,MFV 03362,250.8,4/24/2013 9:34,4/24/2013 12:01,2:26:46,,,,,250.80,,,,,,,,0.00,,,,,,,,0.00,0.00,,,,,,,,0.00,,,,,,,,0.00,0.00,,,,,,,,0.00,,,,,,,,0.00,0.00,,159,MFV 03362,BLK:05 PLN:27 POS:02,250.80
T059-B03,WT-116:S017,galvin,blackmer,7,BLK:05 PLN:27 POS:03,MFV 03417,251.4,4/24/2013 12:02,4/24/2013 14:31,2:29:25,,,,,251.40,,,,,,,,0.00,,,,,,,,0.00,0.00,,,,,,,,0.00,,,,,,,,0.00,0.00,,,,,,,,0.00,,,,,,,,0.00,0.00,,160,MFV 03417,BLK:05 PLN:27 POS:03,251.40
T059-B03,WT-116:S017,galvin,blackmer,8,BLK:05 PLN:27 POS:04,MFV 02002,250.2,4/24/13 7:52,4/24/2013 10:15,2:22:03,,,,,250.20,,,,,,,,0.00,,,,,,,,0.00,0.00,,,,,,,,0.00,,,,,,,,0.00,0.00,,,,,,,,0.00,,,,,,,,0.00,0.00,,161,MFV 02002,BLK:05 PLN:27 POS:04,250.20
T059-B03,WT-116:S017,galvin,blackmer,8,BLK:05 PLN:27 POS:05,MFV 02023,250.6,4/24/2013 10:15,4/24/2013 12:37,2:21:40,,,,,250.60,,,,,,,,0.00,,,,,,,,0.00,0.00,,,,,,,,0.00,,,,,,,,0.00,0.00,,,,,,,,0.00,,,,,,,,0.00,0.00,,162,MFV 02023,BLK:05 PLN:27 POS:05,250.60
T059-B03,WT-116:S017,galvin,blackmer,9,BLK:05 PLN:27 POS:06,MFV 01999,252.5,4/24/13 8:09,4/24/2013 10:36,2:27:01,,,,,252.50,,,,,,,,0.00,,,,,,,,0.00,0.00,,,,,,,,0.00,,,,,,,,0.00,0.00,,,,,,,,0.00,,,,,,,,0.00,0.00,,163,MFV 01999,BLK:05 PLN:27 POS:06,252.50
T059-B03,WT-116:S017,galvin,blackmer,9,BLK:05 PLN:27 POS:07,MFV 02857,252,4/24/2013 10:37,4/24/2013 13:06,2:28:59,,,,,252.00,,,,,,,,0.00,,,,,,,,0.00,0.00,,,,,,,,0.00,,,,,,,,0.00,0.00,,,,,,,,0.00,,,,,,,,0.00,0.00,,164,MFV 02857,BLK:05 PLN:27 POS:07,252.00
T059-B03,WT-116:S017,galvin,blackmer,10,BLK:05 PLN:27 POS:08,MFV 02863,250.9,4/24/13 8:29,4/24/2013 10:54,2:25:48,,,,,250.90,,,,,,,,0.00,,,,,,,,0.00,0.00,,,,,,,,0.00,,,,,,,,0.00,0.00,,,,,,,,0.00,,,,,,,,0.00,0.00,,165,MFV 02863,BLK:05 PLN:27 POS:08,250.90
T059-B03,WT-116:S017,galvin,blackmer,10,BLK:05 PLN:27 POS:09,MFV 02862,250.4,4/24/2013 10:55,4/24/2013 13:20,2:25:00,,,,,250.40,,,,,,,,0.00,,,,,,,,0.00,0.00,,,,,,,,0.00,,,,,,,,0.00,0.00,,,,,,,,0.00,,,,,,,,0.00,0.00,,166,MFV 02862,BLK:05 PLN:27 POS:09,250.40
T059-B03,WT-166:S017,daniel,jason,11,BLK:05 PLN:27 POS:10,MFV 04616,250.3,4/24/13 3:09,4/24/2013 8:58,5:48:45,,,,,250.30,,,,,,,,0.00,,,,,,,,0.00,0.00,,,,,,,,0.00,,,,,,,,0.00,0.00,,,,,,,,0.00,,,,,,,,0.00,0.00,,167,MFV 04616,BLK:05 PLN:27 POS:10,250.30
T059-B03,WT-116:S017,galvin,blackmer,11,BLK:05 PLN:27 POS:11,MFV 03564,251.6,4/24/13 8:58,4/24/2013 11:19,2:20:35,,,,,251.60,,,,,,,,0.00,,,,,,,,0.00,0.00,,,,,,,,0.00,,,,,,,,0.00,0.00,,,,,,,,0.00,,,,,,,,0.00,0.00,,168,MFV 03564,BLK:05 PLN:27 POS:11,251.60
T059-B03,WT-163:S017,galvin,blackmer,6,BLK:05 PLN:29 POS:00,MFV 02883,250.8,4/24/2013 16:48,4/24/2013 19:31,2:43:19,,,,,250.80,,,,,,,,0.00,,,,,,,,0.00,0.00,,,,,,,,0.00,,,,,,,,0.00,0.00,,,,,,,,0.00,,,,,,,,0.00,0.00,,169,MFV 02883,BLK:05 PLN:29 POS:00,250.80
T059-B03,WT-163:S017,daniel,jason,6,BLK:05 PLN:29 POS:01,MFV 02053,250.4,4/24/2013 19:32,4/24/2013 21:53,2:21:43,,,,,250.40,,,,,,,,0.00,,,,,,,,0.00,0.00,,,,,,,,0.00,,,,,,,,0.00,0.00,,,,,,,,0.00,,,,,,,,0.00,0.00,,170,MFV 02053,BLK:05 PLN:29 POS:01,250.40
T059-B03,WT-116:S017,galvin,blackmer,7,BLK:05 PLN:29 POS:02,MFV 01833,142.9,4/24/2013 14:32,4/24/2013 18:03,3:30:52,swap,T59-B03,WT-163:S017,107.7,250.60,,,,,,,,0.00,,,,,,,,0.00,0.00,,,,,,,,0.00,,,,,,,,0.00,0.00,,,,,,,,0.00,,,,,,,,0.00,0.00,,171,MFV 01833,BLK:05 PLN:29 POS:02,250.60
T059-B03,WT-163:S017,daniel,jason,7,BLK:05 PLN:29 POS:03,MFV 02884,250.3,4/24/2013 18:11,4/24/2013 21:06,2:55:04,,,,,250.30,,,,,,,,0.00,,,,,,,,0.00,0.00,,,,,,,,0.00,,,,,,,,0.00,0.00,,,,,,,,0.00,,,,,,,,0.00,0.00,,172,MFV 02884,BLK:05 PLN:29 POS:03,250.30
T059-B03,WT-116:S017,galvin,blackmer,8,BLK:05 PLN:29 POS:04,MFV 02882,250.3,4/24/2013 12:38,4/24/2013 14:58,2:20:10,,,,,250.30,,,,,,,,0.00,,,,,,,,0.00,0.00,,,,,,,,0.00,,,,,,,,0.00,0.00,,,,,,,,0.00,,,,,,,,0.00,0.00,,173,MFV 02882,BLK:05 PLN:29 POS:04,250.30
T059-B03,WT-116:S017,galvin,blackmer,8,BLK:05 PLN:29 POS:05,MFV 03567,64.2,4/24/2013 15:19,4/24/2013 18:41,3:22:07,swap,T59-B03,WT-163:S017,185.3,249.50,,,,,,,,0.00,,,,,,,,0.00,0.00,,,,,,,,0.00,,,,,,,,0.00,0.00,,,,,,,,0.00,,,,,,,,0.00,0.00,,174,MFV 03567,BLK:05 PLN:29 POS:05,249.50
T059-B03,WT-116:S017,galvin,blackmer,9,BLK:05 PLN:29 POS:06,MFV 03525,252,4/24/2013 13:07,4/24/2013 15:30,2:22:38,,,,,252.00,,,,,,,,0.00,,,,,,,,0.00,0.00,,,,,,,,0.00,,,,,,,,0.00,0.00,,,,,,,,0.00,,,,,,,,0.00,0.00,,175,MFV 03525,BLK:05 PLN:29 POS:06,252.00
T059-B03,WT-116:S017,galvin,blackmer,9,BLK:05 PLN:29 POS:07,MFV 03672,29.8,4/24/2013 15:30,4/24/2013 19:22,3:51:54,swap,T59-B03,WT-163:S017,220.1,249.90,,,,,,,,0.00,,,,,,,,0.00,0.00,,,,,,,,0.00,,,,,,,,0.00,0.00,,,,,,,,0.00,,,,,,,,0.00,0.00,,176,MFV 03672,BLK:05 PLN:29 POS:07,249.90
T059-B03,WT-116:S017,galvin,blackmer,10,BLK:05 PLN:29 POS:08,MFV 03543,250.3,4/24/2013 13:21,4/24/2013 15:44,2:23:07,,,,,250.30,,,,,,,,0.00,,,,,,,,0.00,0.00,,,,,,,,0.00,,,,,,,,0.00,0.00,,,,,,,,0.00,,,,,,,,0.00,0.00,,177,MFV 03543,BLK:05 PLN:29 POS:08,250.30
T059-B03,WT-116:S017,galvin,blackmer,10,BLK:05 PLN:29 POS:09,MFV 02874,15.2,4/24/2013 15:45,4/24/2013 19:26,3:41:12,swap,T59-B03,WT-163:S017,235.7,250.90,,,,,,,,0.00,,,,,,,,0.00,0.00,,,,,,,,0.00,,,,,,,,0.00,0.00,,,,,,,,0.00,,,,,,,,0.00,0.00,,178,MFV 02874,BLK:05 PLN:29 POS:09,250.90
T059-B03,WT-116:S017,galvin,blackmer,11,BLK:05 PLN:29 POS:10,MFV 02875,251.8,4/24/2013 11:20,4/24/2013 13:40,2:19:34,,,,,251.80,,,,,,,,0.00,,,,,,,,0.00,0.00,,,,,,,,0.00,,,,,,,,0.00,0.00,,,,,,,,0.00,,,,,,,,0.00,0.00,,179,MFV 02875,BLK:05 PLN:29 POS:10,251.80
T059-B03,WT-116:S017,galvin,blackmer,11,BLK:05 PLN:29 POS:11,MFV 02067,253.8,4/24/2013 13:41,4/24/2013 16:35,2:54:41,,,,,253.80,,,,,,,,0.00,,,,,,,,0.00,0.00,,,,,,,,0.00,,,,,,,,0.00,0.00,,,,,,,,0.00,,,,,,,,0.00,0.00,,180,MFV 02067,BLK:05 PLN:29 POS:11,253.80
T059-B03,WT-163:S017,daniel,jason,6,BLK:05 PLN:31 POS:00,MFV 03560,249.6,4/24/2013 21:54,4/25/2013 0:14,2:20:20,,,,,249.60,,,,,,,,0.00,,,,,,,,0.00,0.00,,,,,,,,0.00,,,,,,,,0.00,0.00,,,,,,,,0.00,,,,,,,,0.00,0.00,,181,MFV 03560,BLK:05 PLN:31 POS:00,249.60
T059-B03,WT-163:S017,daniel,jason,6,BLK:05 PLN:31 POS:01,MFV 03726,248.6,4/24/2013 0:18,4/25/2013 2:33,2:14:30,,,,,248.60,,,,,,,,0.00,,,,,,,,0.00,0.00,,,,,,,,0.00,,,,,,,,0.00,0.00,,,,,,,,0.00,,,,,,,,0.00,0.00,,182,MFV 03726,BLK:05 PLN:31 POS:01,248.60
T059-B03,WT-163:S017,daniel,jason,7,BLK:05 PLN:31 POS:02,MFV 03555,249.1,4/24/2013 21:06,4/24/2013 23:26,2:19:40,,,,,249.10,,,,,,,,0.00,,,,,,,,0.00,0.00,,,,,,,,0.00,,,,,,,,0.00,0.00,,,,,,,,0.00,,,,,,,,0.00,0.00,,183,MFV 03555,BLK:05 PLN:31 POS:02,249.10
T059-B03,WT-163:S017,daniel,jason,7,BLK:05 PLN:31 POS:03,MFV 03723,248.9,4/24/2013 23:30,4/25/2013 1:50,2:20:43,,,,,248.90,,,,,,,,0.00,,,,,,,,0.00,0.00,,,,,,,,0.00,,,,,,,,0.00,0.00,,,,,,,,0.00,,,,,,,,0.00,0.00,,184,MFV 03723,BLK:05 PLN:31 POS:03,248.90
T059-B03,WT-163:S017,daniel,jason,8,BLK:05 PLN:31 POS:04,MFV 03679,248.7,4/24/2013 18:41,4/24/2013 21:02,2:20:36,,,,,248.70,,,,,,,,0.00,,,,,,,,0.00,0.00,,,,,,,,0.00,,,,,,,,0.00,0.00,,,,,,,,0.00,,,,,,,,0.00,0.00,,185,MFV 03679,BLK:05 PLN:31 POS:04,248.70
T059-B03,WT-163:S017,daniel,jason,8,BLK:05 PLN:31 POS:05,MFV 03059,250.2,4/24/2013 21:02,4/24/2013 23:13,2:10:02,,,,,250.20,,,,,,,,0.00,,,,,,,,0.00,0.00,,,,,,,,0.00,,,,,,,,0.00,0.00,,,,,,,,0.00,,,,,,,,0.00,0.00,,186,MFV 03059,BLK:05 PLN:31 POS:05,250.20
T059-B03,WT-163:S017,daniel,jason,9,BLK:05 PLN:31 POS:06,MFV 03519,250.1,4/24/2013 19:22,4/24/2013 21:33,2:10:04,,,,,250.10,,,,,,,,0.00,,,,,,,,0.00,0.00,,,,,,,,0.00,,,,,,,,0.00,0.00,,,,,,,,0.00,,,,,,,,0.00,0.00,,187,MFV 03519,BLK:05 PLN:31 POS:06,250.10
T059-B03,WT-163:S017,daniel,jason,9,BLK:05 PLN:31 POS:07,MFV 03524,249.3,4/24/2013 21:35,4/24/2013 23:55,2:20:26,,,,,249.30,,,,,,,,0.00,,,,,,,,0.00,0.00,,,,,,,,0.00,,,,,,,,0.00,0.00,,,,,,,,0.00,,,,,,,,0.00,0.00,,188,MFV 03524,BLK:05 PLN:31 POS:07,249.30
T059-B03,WT-163:S017,daniel,jason,10,BLK:05 PLN:31 POS:08,MFV 03757,249.3,4/24/2013 19:26,4/24/2013 21:46,2:19:20,,,,,249.30,,,,,,,,0.00,,,,,,,,0.00,0.00,,,,,,,,0.00,,,,,,,,0.00,0.00,,,,,,,,0.00,,,,,,,,0.00,0.00,,189,MFV 03757,BLK:05 PLN:31 POS:08,249.30
T059-B03,WT-163:S017,daniel,jason,10,BLK:05 PLN:31 POS:09,MFV 03668,249.7,4/24/2013 21:50,4/24/2013 23:58,2:08:00,,,,,249.70,,,,,,,,0.00,,,,,,,,0.00,0.00,,,,,,,,0.00,,,,,,,,0.00,0.00,,,,,,,,0.00,,,,,,,,0.00,0.00,,190,MFV 03668,BLK:05 PLN:31 POS:09,249.70
T059-B03,WT-163:S017,galvin,blackmer,11,BLK:05 PLN:31 POS:10,MFV 03748,250.9,4/24/2013 16:51,4/24/2013 19:17,2:26:28,,,,,250.90,,,,,,,,0.00,,,,,,,,0.00,0.00,,,,,,,,0.00,,,,,,,,0.00,0.00,,,,,,,,0.00,,,,,,,,0.00,0.00,,191,MFV 03748,BLK:05 PLN:31 POS:10,250.90
T059-B03,WT-163:S017,daniel,jason,11,BLK:05 PLN:31 POS:11,MFV 03523,251.4,4/24/2013 19:50,4/24/2013 22:11,2:21:43,,,,,251.40,,,,,,,,0.00,,,,,,,,0.00,0.00,,,,,,,,0.00,,,,,,,,0.00,0.00,,,,,,,,0.00,,,,,,,,0.00,0.00,,192,MFV 03523,BLK:05 PLN:31 POS:11,251.40
,,,,,,,,,,,,,,,,,,,,,,,,,,,,,,,,,,,,,,,,,,,,,,,,,,,,,,,,,,,,,,,,,,,,,,Total,48127.50
,,,,,,,,,,,,,,,,,,,,,,,,,,,,,,,,,,,,,,,,,,,,,,,,,,,,,,,,,,,,,,,,,,,,,,Average,250.66
,,,,,,,,,,,,,,,,,,,,,,,,,,,,,,,,,,,,,,,,,,,,,,,,,,,,,,,,,,,,,,,,,,,,,,RMS,1.7282409894
